date,symbol,open,high,low,close,volume,RSI,EMA_50,EMA_200,MACD_12_26_9,MACDs_12_26_9,MACDh_12_26_9,BBM_20_2.0_2.0,BBU_20_2.0_2.0,BBL_20_2.0_2.0,BBB_20_2.0_2.0,BBP_20_2.0_2.0,avg_sentiment,Name,Market_Cap,AI_Score,Stability_Score,Sentiment_Rescaled,Safety_Index,Recommendation
2025-05-29 10:00:00,NSENG:AIRTELAFRI,2372.5,2372.5,2372.5,2372.5,12648.0,100.0,2181.283014074527,2163.2719952747343,40.534118282746476,15.18471820610645,25.349400076640027,2189.2400000000002,2347.2090629272243,2031.2709370727762,14.431406600210488,1.0800502851764942,0.7292,Airtel Africa Plc,12.49T,4.627035861489201,0.0,86.46000000000001,9.605517930744604,SELL 🔴
2025-05-30 10:00:00,NSENG:AIRTELAFRI,2372.5,2372.5,2372.5,2372.5,150.0,100.0,2188.7817194049376,2165.353865968518,47.95110997882102,21.737996560649364,26.21311341817166,2200.02,2376.9807461676473,2023.0592538323526,16.087194313474182,0.9873397172404483,0.7292,Airtel Africa Plc,12.49T,4.627035861489201,0.0,86.46000000000001,9.605517930744604,SELL 🔴
2025-06-02 10:00:00,NSENG:AIRTELAFRI,2372.5,2372.5,2372.5,2372.5,314.0,100.0,2195.986357859646,2167.4150215310206,53.21569196316659,28.03353564115281,25.182156322013782,2210.8,2402.365627067291,2019.2343729327097,17.329982546344365,0.9220485754033522,0.7292,Airtel Africa Plc,12.49T,4.627035861489201,0.0,86.46000000000001,9.605517930744604,SELL 🔴
2025-06-03 10:00:00,NSENG:AIRTELAFRI,2372.5,2372.5,2372.5,2372.5,3638.0,100.0,2202.908461472993,2169.455668082951,56.733917825965364,33.77361207811532,22.960305747850043,2221.5800000000004,2424.314003587278,2018.8459964127226,18.251334958658042,0.8722118572354542,0.7292,Airtel Africa Plc,12.49T,4.627035861489201,0.0,86.46000000000001,9.605517930744604,SELL 🔴
2025-06-04 10:00:00,NSENG:AIRTELAFRI,2372.5,2372.5,2372.5,2372.5,170.0,100.0,2209.5591100426795,2171.476009694066,58.84382221618125,38.78765410572851,20.056168110452745,2232.36,2443.3722411016406,2021.3477588983594,18.90485773814623,0.8320660433450806,0.7292,Airtel Africa Plc,12.49T,4.627035861489201,0.0,86.46000000000001,9.605517930744604,SELL 🔴
2025-06-11 10:00:00,NSENG:AIRTELAFRI,2372.5,2372.5,2372.5,2372.5,107.0,100.0,2215.9489488645354,2173.4762484035778,59.8262963428042,42.99538255314365,16.83091378966055,2243.1400000000003,2459.8717663064554,2026.4082336935453,19.323962508488545,0.7984334096578322,0.7292,Airtel Africa Plc,12.49T,4.627035861489201,0.0,86.46000000000001,9.605517930744604,SELL 🔴
2025-06-13 10:00:00,NSENG:AIRTELAFRI,2372.5,2372.5,2372.5,2372.5,71.0,100.0,2222.0882057718086,2175.456584240358,59.914259874001345,46.37915801731519,13.535101856686154,2253.92,2474.0121491222785,2033.8278508777216,19.529721473901333,0.7693871645874097,0.7292,Airtel Africa Plc,12.49T,4.627035861489201,0.0,86.46000000000001,9.605517930744604,SELL 🔴
2025-06-16 10:00:00,NSENG:AIRTELAFRI,2372.5,2372.5,2372.5,2372.5,112.0,100.0,2227.9867075062475,2177.417215242942,59.30039358221529,48.963405130295214,10.336988451920078,2264.7,2485.9009327095596,2043.4990672904403,19.534678563126214,0.7436698586202238,0.7292,Airtel Africa Plc,12.49T,4.627035861489201,0.0,86.46000000000001,9.605517930744604,SELL 🔴
2025-06-17 10:00:00,NSENG:AIRTELAFRI,2372.5,2372.5,2372.5,2372.5,1096.0,100.0,2233.653895447179,2179.3583374793307,58.143656247257695,50.79945535368771,7.344200893569983,2275.4800000000005,2495.572149122279,2055.387850877722,19.344678847740116,0.7204076801169708,0.7292,Airtel Africa Plc,12.49T,4.627035861489201,0.0,86.46000000000001,9.605517930744604,SELL 🔴
2025-06-18 10:00:00,NSENG:AIRTELAFRI,2310.5,2310.5,2310.5,2310.5,365.0,77.66570605187319,2236.6674681747404,2180.6632296437156,51.62890584240813,50.9653454514318,0.663560390976329,2283.1600000000003,2496.444178108877,2069.8758218911235,18.683244109819448,0.5640928929712808,0.7292,Airtel Africa Plc,12.49T,5.333543296529276,44.66858789625363,86.46000000000001,23.359348017140732,SELL 🔴
2025-06-19 10:00:00,NSENG:AIRTELAFRI,2310.5,2310.5,2310.5,2310.5,4531.0,77.66570605187319,2239.5628615796527,2181.955137806465,45.936393065475386,49.95955497424052,-4.0231619087651325,2290.84,2495.8839788512655,2085.796021148735,17.901204697950565,0.5479409346964068,0.7292,Airtel Africa Plc,12.49T,3.0685413807705544,44.66858789625363,86.46000000000001,22.226847059261367,SELL 🔴
2025-06-20 10:00:00,NSENG:AIRTELAFRI,2310.5,2310.5,2310.5,2310.5,1.0,77.66570605187319,2242.3447101451566,2183.2341911616245,40.95295549875664,48.15823507914374,-7.205279580387106,2298.52,2493.7102456579228,2103.329754342077,16.983993670529106,0.5306880089207823,0.7292,Airtel Africa Plc,12.49T,3.6618199775654356,44.66858789625363,86.46000000000001,22.52348635765881,SELL 🔴
2025-06-23 10:00:00,NSENG:AIRTELAFRI,2310.5,2310.5,2310.5,2310.5,55.0,0.0,2245.0174666100525,2184.500517617728,36.581852499204615,45.84295856315592,-9.261106063951303,2306.2,2489.663175711382,2122.7368242886178,15.910430640133733,0.5117189729855238,0.7292,Airtel Africa Plc,12.49T,3.1139110173911733,0.0,86.46000000000001,33.84895550869559,SELL 🔴
2025-06-24 10:00:00,NSENG:AIRTELAFRI,2310.5,2310.5,2310.5,2310.5,61.0,0.0,2247.585409095933,2185.7542438105866,32.740311944009136,43.222429239326566,-10.48211729531743,2313.88,2483.3543278183274,2144.405672181673,14.648497572763263,0.4900279881811262,0.7292,Airtel Africa Plc,12.49T,3.1139110173911733,0.0,86.46000000000001,33.84895550869559,SELL 🔴
2025-06-25 10:00:00,NSENG:AIRTELAFRI,2310.5,2310.5,2310.5,2310.5,51.0,0.0,2250.0526479549158,2186.995495115954,29.357448979750643,40.44943318741139,-11.091984207660744,2321.5600000000004,2474.16296472253,2168.957035277471,13.146588046187007,0.4637621719207414,0.7292,Airtel Africa Plc,12.49T,3.1139110173911733,0.0,86.46000000000001,33.84895550869559,SELL 🔴
2025-06-26 10:00:00,NSENG:AIRTELAFRI,2310.5,2310.5,2310.5,2310.5,198.0,0.0,2252.4231323488407,2188.2243956620637,26.372499945305663,37.63404653899025,-11.261546593684585,2329.2400000000002,2460.9863016558734,2197.493698344127,11.312385297854505,0.4288784589606549,0.7292,Airtel Africa Plc,12.49T,3.1139110173911733,0.0,86.46000000000001,33.84895550869559,SELL 🔴
2025-06-27 10:00:00,NSENG:AIRTELAFRI,2310.5,2310.5,2310.5,2310.5,771.0,0.0,2254.7006565704546,2189.4410683420433,23.733323351990748,34.85390190159035,-11.1205785495996,2336.92,2441.465766356932,2232.3742336430682,8.947312390405477,0.3736438551237024,0.7292,Airtel Africa Plc,12.49T,3.1139110173911733,0.0,86.46000000000001,33.84895550869559,SELL 🔴
2025-06-30 10:00:00,NSENG:AIRTELAFRI,2310.5,2310.5,2310.5,2310.5,14.0,0.0,2256.888866116711,2190.6456348262022,21.395127179428073,32.162146957157894,-10.767019777729821,2344.6,2407.8918054062237,2281.308194593776,5.398942711441084,0.2306128354126025,0.7292,Airtel Africa Plc,12.49T,3.1139110173911733,0.0,86.46000000000001,33.84895550869559,SELL 🔴
2025-07-01 10:00:00,NSENG:AIRTELAFRI,2310.5,2310.5,2310.5,2310.5,46.0,0.0,2258.991263523899,2191.8382155742,19.319387988053222,29.59359516333696,-10.274207175283738,2341.5,2405.1106578292824,2277.8893421707176,5.433325460540888,0.256330141379787,0.7292,Airtel Africa Plc,12.49T,3.1139110173911733,0.0,86.46000000000001,33.84895550869559,SELL 🔴
2025-07-02 10:00:00,NSENG:AIRTELAFRI,2310.5,2310.5,2310.5,2310.5,3256.0,0.0,2261.011213973942,2193.0189298470937,17.472932633123946,27.16946265729436,-9.696530024170414,2338.4,2401.691805406224,2275.1081945937763,5.413257390200464,0.27959231988303707,0.7292,Airtel Africa Plc,12.49T,3.1139110173911733,0.0,86.46000000000001,33.84895550869559,SELL 🔴
2025-07-03 10:00:00,NSENG:AIRTELAFRI,2310.5,2310.5,2310.5,2310.5,65.0,0.0,2262.9519506808465,2194.187895719262,15.827157837858977,24.901001693407284,-9.073843855548308,2335.3,2397.6254615538073,2272.974538446193,5.3376835142214825,0.3010443935614523,0.7292,Airtel Africa Plc,12.49T,3.1139110173911733,0.0,86.46000000000001,33.84895550869559,SELL 🔴
2025-07-04 10:00:00,NSENG:AIRTELAFRI,2310.5,2310.5,2310.5,2310.5,20701.0,0.0,2264.8165800659112,2195.345230090215,14.357366669627481,22.792274688651325,-8.434908019023844,2332.2,2392.880700131272,2271.5192998687276,5.203730394586422,0.3211952074295814,0.7292,Airtel Africa Plc,12.49T,3.1139110173911733,0.0,86.46000000000001,33.84895550869559,SELL 🔴
2025-07-07 10:00:00,NSENG:AIRTELAFRI,2310.5,2310.5,2310.5,2310.5,2317.0,0.0,2266.6080867299934,2196.4910486962822025-07-08 10:00:00,NSENG:AIRTELAFRI,2310.5,2310.5,2310.5,2310.5,40.0,50.0,2268.329338230778,2197.6254661221906,11.863177089962846,19.046443885668193,-7.183266795705347,2326.0,2381.088445631599,2270.911554368401,4.73675370864995,0.35931714152025-07-08 10:00:00,NSENG:AIRTELAFRI,2310.5,2310.5,2310.5,2310.5,40.0,50.0,2268.329338230778,2197.6254661221906,11.863177089962846,19.046443885668193,-7.183266795705347,2326.0,2381.088445631599,2270.911554368401,4.73675370864995,0.35931714153222405,0.7292,Airtel Africa Plc,12.49T,2.8362849827489742,100.0,86.46000000000001,53.710142491374484,HOLD 🟡
2025-07-09 10:00:00,NSENG:AIRTELAFRI,2310.5,2310.5,2310.5,2310.5,130.0,50.0,2269.983089672708,2198.748595812517,10.804245024660759,17.39800411346671,-6.59375908880595,2322.9,2373.7885262634272,2272.011473736573,4.381465087901084,0.3781650706898954,0.7292,Airtel Africa Plc,12.49T,2.8362849827489742,100.0,86.46000000000001,53.710142491374484,HOLD 🟡
2025-07-10 10:00:00,NSENG:AIRTELAFRI,2310.5,2310.5,2310.5,2310.5,128.0,50.0,2271.5719881169157,2199.8605500830395,9.851472095724148,15.888697709918198,-6.03722561419405,2319.8,2365.2270960180367,2274.3729039819636,3.916466593502589,0.39763818496886005,0.7292,Airtel Africa Plc,12.49T,2.8362849827489742,100.0,86.46000000000001,53.710142491374484,HOLD 🟡
2025-07-11 10:00:00,NSENG:AIRTELAFRI,2310.5,2310.5,2310.5,2310.5,313.0,50.0,2273.098576818213,2200.9614401319645,8.992730090480563,14.509504186030671,-5.516774095550108,2316.7,2354.866394697572,2278.5336053024275,3.2948931408962996,0.4187767137932707,0.7292,Airtel Africa Plc,12.49T,2.8362849827489742,100.0,86.46000000000001,53.710142491374484,HOLD 🟡
2025-07-14 10:00:00,NSENG:AIRTELAFRI,2310.5,2310.5,2310.5,2310.5,75.0,50.0,2274.5652992959303,2202.0513760510494,8.217445270526241,13.251092402929785,-5.033647132403544,2313.6,2341.3272429210033,2285.8727570789965,2.3968916771268485,0.444098300562519,0.7292,Airtel Africa Plc,12.49T,2.8362849827489742,100.0,86.46000000000001,53.710142491374484,HOLD 🟡
2025-11-05 10:00:00,NSENG:AIRTELAFRI,2270.0,2270.0,2270.0,2270.0,0.0,0.0,2307.3256501941514,2260.383836930953,-3.213319422060522,-0.6204868244693851,-2.592832597591137,2308.475,2326.5871506177573,2290.3628493822425,1.5691875041104955,-0.562132289311865,0.7292,Airtel Africa Plc,12.49T,0.7642802952494625,0.0,86.46000000000001,32.67414014762473,SELL 🔴
2025-11-06 10:00:00,NSENG:AIRTELAFRI,2270.0,2270.0,2270.0,2270.0,90.0,0.0,2305.8618992061456,2260.4795201455704,-5.709023774375055,-1.638194214450519,-4.070829559924536,2306.45,2331.3812739556756,2281.518726044324,2.161874218446167,-0.23100957586047624,0.7292,Airtel Africa Plc,12.49T,0.586618209336169,0.0,86.46000000000001,32.585309104668085,SELL 🔴
2025-11-07 10:00:00,NSENG:AIRTELAFRI,2270.0,2270.0,2270.0,2270.0,601.0,0.0,2304.4555502176695,2260.574251288401,-7.599287597136026,-2.8304128909876205,-4.768874706148406,2304.425,2334.0991514311404,2274.75084856886,2.5754061365538226,-0.08005028517638416,0.7292,Airtel Africa Plc,12.49T,1.1944193616577903,0.0,86.46000000000001,32.8892096808289,SELL 🔴
2025-11-10 10:00:00,NSENG:AIRTELAFRI,2270.0,2270.0,2270.0,2270.0,1190.0,0.0,2303.104352169918,2260.668039832795,-8.99366195859102,-4.0630627045083,-4.930599254082719,2302.4,2335.641698607564,2269.158301392436,2.8875693717480977,0.012660282759625363,0.7292,Airtel Africa Plc,12.49T,1.9462815889368972,0.0,86.46000000000001,33.26514079446845,SELL 🔴
2025-11-11 10:00:00,NSENG:AIRTELAFRI,2270.0,2270.0,2270.0,2270.0,1190.0,0.0,2301.806142280902,2260.760895157842,-9.983628629718623,-5.247175889550365,-4.736452740168258,2300.375,2336.3601943238696,2264.3898056761304,3.128637228614427,0.07795142459670186,0.7292,Airtel Africa Plc,12.49T,1.0011576516028329,0.0,86.46000000000001,32.792578825801414,SELL 🔴
2025-11-12 10:00:00,NSENG:AIRTELAFRI,2270.0,2270.0,2270.0,2270.0,10.0,0.0,2300.5588425836117,2260.852826549306,-10.645469997357395,-6.326834711111771,-4.318635286245624,2298.35,2336.433150024516,2260.2668499754836,3.3139556659791825,0.1277881427645899,0.7292,Airtel Africa Plc,12.49T,1.0011576516028329,0.0,86.46000000000001,32.792578825801414,SELL 🔴
2025-11-13 10:00:00,NSENG:AIRTELAFRI,2270.0,2270.0,2270.0,2270.0,164.0,0.0,2299.360456599941,2260.943843200557,-11.04269078399875,-7.270005925689167,-3.7726848583095833,2296.325,2335.963199279301,2256.6868007206986,3.4523161381164478,0.1679339566549569,0.7292,Airtel Africa Plc,12.49T,0.9601708920268475,0.0,86.46000000000001,32.77208544601342,SELL 🔴
2025-11-14 10:00:00,NSENG:AIRTELAFRI,2270.0,2270.0,2270.0,2270.0,81.0,0.0,2298.209066145041,2261.0339542134866,-11.22806102100867,-8.061616944753068,-3.166444076255603,2294.3,2335.012599885957,2253.5874001140432,3.54902147809414,0.20156659034219498,0.7292,Airtel Africa Plc,12.49T,0.9601708920268475,0.0,86.46000000000001,32.77208544601342,SELL 🔴
2025-11-17 10:00:00,NSENG:AIRTELAFRI,2270.0,2270.0,2270.0,2270.0,112.0,0.0,2297.1028282570005,2261.123168599422,-11.245339001332468,-8.698361356068949,-2.546977645263519,2292.275,2333.6188406282618,2250.9311593717384,3.607232171380978,0.23061283541261726,0.7292,Airtel Africa Plc,12.49T,0.9601708920268475,0.0,86.46000000000001,32.77208544601342,SELL 🔴
2025-11-18 10:00:00,NSENG:AIRTELAFRI,2270.0,2270.0,2270.0,2270.0,56.0,0.0,2296.039972246922,2261.211495280025,-11.130723869092435,-9.184833858673647,-1.945890010418788,2290.25,2331.802123259453,2248.697876740547,3.628610261714036,0.25633014137980004,0.7292,Airtel Africa Plc,12.49T,0.9601708920268475,0.0,86.46000000000001,32.77208544601342,SELL 🔴
2025-11-19 10:00:00,NSENG:AIRTELAFRI,2270.0,2270.0,2270.0,2270.0,8093.0,0.0,2295.0187968646896,2261.298943088184,-10.914079832504285,-9.530683053439775,-1.38339677906451,2288.225,2329.5688406282616,2246.8811593717382,3.613616722853886,0.2795923198830525,0.7292,Airtel Africa Plc,12.49T,0.9072684430568804,0.0,86.46000000000001,32.74563422152844,SELL 🔴
2025-11-20 10:00:00,NSENG:AIRTELAFRI,2270.0,2270.0,2270.0,2270.0,6549.0,0.0,2294.0376675758785,2261.3855207688985,-10.619967498054848,-9.74853994236279,-0.8714275556920583,2286.2,2326.9125998859568,2245.487400114043,3.561595650945406,0.30104439356146706,0.7292,Airtel Africa Plc,12.49T,0.9072684430568804,0.0,86.46000000000001,32.74563422152844,SELL 🔴
2025-11-21 10:00:00,NSENG:AIRTELAFRI,2270.0,2270.0,2270.0,2270.0,4883.0,0.0,2293.095013945452,2261.471236980153,-10.26851233575917,-9.852534421042066,-0.41597791471710366,2284.175,2323.8131992793014,2244.536800720699,3.470679722814693,0.3211952074295886,0.7292,Airtel Africa Plc,12.49T,0.7594820828058833,0.0,86.46000000000001,32.67174104140294,SELL 🔴
2025-11-24 10:00:00,NSENG:AIRTELAFRI,2270.0,2270.0,2270.0,2270.0,4143.0,0.0,2292.189327124062,2261.5561002937834,-9.876135643524321,-9.857254665538518,-0.018880977985803682,2282.15,2320.2331500245164,2244.066849975484,3.337480010035823,0.34048063261339395,0.7292,Airtel Africa Plc,12.49T,0.8290952220140887,0.0,86.46000000000001,32.706547611007046,SELL 🔴
2025-11-25 10:00:00,NSENG:AIRTELAFRI,2270.0,2270.0,2270.0,2270.0,2591.0,50.0,2291.319157432922,2261.6401191963328,-9.456169452816084,-9.777037622994031,0.3208681701779472,2280.125,2316.1101943238696,2244.1398056761304,3.1564229438183924,0.35931714153223393,0.7292,Airtel Africa Plc,12.49T,1.3168189881594012,100.0,86.46000000000001,52.95040949407971,HOLD 🟡
2025-11-26 10:00:00,NSENG:AIRTELAFRI,2270.0,2270.0,2270.0,2270.0,7676.0,50.0,2290.483112043396,2261.7233020899016,-9.019373497670585,-9.625504797929343,0.6061313002587578,2278.1,2311.341698607564,2244.858301392436,2.918370449722497,0.37816507068990807,0.7292,Airtel Africa Plc,12.49T,1.3326962356781578,100.0,86.46000000000001,52.95834811783908,HOLD 🟡
2025-11-27 10:00:00,NSENG:AIRTELAFRI,2270.0,2270.0,2270.0,2270.0,71.0,50.0,2289.6798527475767,2261.8056572929872,-8.574369561329604,-9.415277750609397,0.8409081892797925,2276.075,2305.74915143114,2246.4008485688596,2.607484501269969,0.397638184968877,0.7292,Airtel Africa Plc,12.49T,1.3326962356781578,100.0,86.46000000000001,52.95834811783908,HOLD 🟡
2025-11-28 10:00:00,NSENG:AIRTELAFRI,2270.0,2270.0,2270.0,2270.0,3.0,50.0,2288.9080938162992,2261.8871930413156,-8.128006140420439,-9.157823428571605,1.0298172881511665,2274.05,2298.981273955676,2249.1187260442026-03-24 10:00:00,NSENG:AIRTELAFRI,2497.0,2497.0,2497.0,2497.0,100315.0,100.0,2279.962954548651,2268.3098030722053,18.068544406018646,3.563270142275115,14.50527426374353,2281.35,2382.867486178492,2179.8325138215077,8.899773044775433,1.5621322893123826,0.4939,Airtel Africa Plc,12.49T,3.3067838364658813,0.0,74.695,6.592391918232941,SELL 🔴
2026-03-25 10:00:00,NSENG:AIRTELAFRI,2497.0,2497.0,2497.0,2497.0,105.0,100.0,2288.4742112330177,2270.5853274197457,32.05250838491065,9.261117790802222,22.79139052026-03-24 10:00:00,NSENG:AIRTELAFRI,2497.0,2497.0,2497.0,2497.0,100315.0,100.0,2279.962954548651,2268.3098030722053,18.068544406018646,3.563270142275115,14.50527426374353,2281.35,2382.867486178492,2179.8325138215077,8.899773044775433,1.5621322893123826,0.7292,Airtel Africa Plc,12.49T,3.3067838364658813,0.0,86.46000000000001,8.945391918232943,SELL 🔴
2026-03-25 10:00:00,NSENG:AIRTELAFRI,2497.0,2497.0,2497.0,2497.0,105.0,100.0,2288.4742112330177,2270.5853274197457,32.05250838491065,9.261117790802222,22.791390594108428,2292.7,2432.438251553999,2152.9617484460005,12.189841806952446,1.2310095758606658,0.7292,Airtel Africa Plc,12.49T,4.627035861489201,0.0,86.46000000000001,9.605517930744604,SELL 🔴
2026-03-27 10:00:00,NSENG:AIRTELAFRI,2497.0,2497.0,2497.0,2497.0,420.0,100.0,2296.6516931454485,2272.8382097339772,42.64333476854472,15.937561186350722,26.705773582194,2304.05,2470.371787033767,2137.7282129662335,14.437341814089683,1.0800502851764906,0.7292,Airtel Africa Plc,12.49T,4.627035861489201,0.0,86.46000000000001,9.605517930744604,SELL 🔴
2026-03-30 10:00:00,NSENG:AIRTELAFRI,2497.0,2497.0,2497.0,2497.0,153.0,100.0,2304.508489492686,2275.0686753087634,50.4550268381322,22.84105431670702,27.61397252142518,2315.4,2501.717668738665,2129.082331261335,16.093778071924064,0.9873397172404456,0.7292,Airtel Africa Plc,12.49T,4.627035861489201,0.0,86.46000000000001,9.605517930744604,SELL 🔴
2026-03-31 10:00:00,NSENG:AIRTELAFRI,2497.0,2497.0,2497.0,2497.0,425.0,100.0,2312.057176179247,2277.2769471962383,56.000312341790504,29.47290592172372,26.527406420066786,2326.75,2528.4447928769723,2125.0552071230277,17.33704032465648,0.9220485754033504,0.7292,Airtel Africa Plc,12.49T,4.627035861489201,0.0,86.46000000000001,9.605517930744604,SELL 🔴
2026-04-01 10:00:00,NSENG:AIRTELAFRI,2497.0,2497.0,2497.0,2497.0,131.0,100.0,2319.3098359369237,2279.4632462291115,59.70672904873845,35.519670547126665,24.187058501611787,2338.1,2551.5537050756598,2124.64629492434,18.258731882781735,0.8722118572354532,0.7292,Airtel Africa Plc,12.49T,4.627035861489201,0.0,86.46000000000001,9.605517930744604,SELL 🔴
2026-04-02 10:00:00,NSENG:AIRTELAFRI,2497.0,2497.0,2497.0,2497.0,103.0,100.0,2326.2780776648874,2281.6277910427525,61.93019821744474,40.80177608119028,21.128422136254457,2349.45,2571.619660158036,2127.2803398419637,18.912482509356327,0.8320660433450799,0.7292,Airtel Africa Plc,12.49T,4.627035861489201,0.0,86.46000000000001,9.605517930744604,SELL 🔴
2026-04-07 10:00:00,NSENG:AIRTELAFRI,2497.0,2497.0,2497.0,2497.0,1.0,100.0,2332.9730550113622,2283.7707980970536,62.96647522178773,45.23471590930978,17.731759312477955,2360.8,2588.991609237317,2132.6083907626835,19.33171884423218,0.7984334096578314,0.7292,Airtel Africa Plc,12.49T,4.627035861489201,0.0,86.46000000000001,9.605517930744604,SELL 🔴
2026-04-08 10:00:00,NSENG:AIRTELAFRI,2497.0,2497.0,2497.0,2497.0,18.0,100.0,2339.405484226603,2285.892481698078,63.060806490469076,48.79993402554164,14.260872464927438,2372.15,2603.8796746324556,2140.4203253675446,19.537522891255232,0.7693871645874087,0.7292,Airtel Africa Plc,12.49T,4.627035861489201,0.0,86.46000000000001,9.605517930744604,SELL 🔴
2026-04-09 10:00:00,NSENG:AIRTELAFRI,2497.0,2497.0,2497.0,2497.0,2.0,100.0,2345.585661315756,2287.99305401949,62.416071085698604,51.52316143757304,10.892909648125567,2383.5,2616.3970859233314,2150.6029140766686,19.5424448016221,0.7436698586202226,0.7292,Airtel Africa Plc,12.49T,4.627035861489201,0.0,86.46000000000001,9.605517930744604,SELL 🔴
2026-04-10 10:00:00,NSENG:AIRTELAFRI,2497.0,2497.0,2497.0,2497.0,8.0,100.0,2351.52347851906,2290.072725123774,61.199642251924615,53.45845760044335,7.741184651481262,2394.85,2626.5796746324554,2163.1203253675444,19.352333100816796,0.7204076801169711,0.7292,Airtel Africa Plc,12.49T,4.627035861489201,0.0,86.46000000000001,9.605517930744604,SELL 🔴
2026-04-13 10:00:00,NSENG:AIRTELAFRI,2497.0,2497.0,2497.0,2497.0,3.0,100.0,2357.2284401457637,2292.131702983239,59.549167897806,54.67659965991589,4.872568237890114,2406.2,2634.391609237317,2178.0083907626827,18.9669694320769,0.6989556064385545,0.7292,Airtel Africa Plc,12.49T,4.627035861489201,0.0,86.46000000000001,9.605517930744604,SELL 🔴
2026-04-14 10:00:00,NSENG:AIRTELAFRI,2497.0,2497.0,2497.0,2497.0,2.0,100.0,2362.7096777871066,2294.1701935008186,57.577438214119866,55.256767370756684,2.3206708433631817,2417.55,2639.719660158037,2195.380339841963,18.37973652317735,0.6788047925704263,0.7292,Airtel Africa Plc,12.49T,5.410080692376226,0.0,86.46000000000001,9.997040346188115,SELL 🔴
2026-04-15 10:00:00,NSENG:AIRTELAFRI,2746.7,2746.7,2746.7,2746.7,100005.0,100.0,2377.7681217954555,2298.6729776450893,75.2955709324383,59.26452808309301,16.031042849345283,2441.3849999999998,2696.7128699200216,2186.057130079978,20.91664116229287,1.0978881194905123,0.7292,Airtel Africa Plc,12.49T,4.627035861489201,0.0,86.46000000000001,9.605517930744604,SELL 🔴
2026-04-16 10:00:00,NSENG:AIRTELAFRI,2746.7,2746.7,2746.7,2746.7,69.0,100.0,2392.2360385877905,2303.1309579670287,88.31922966123557,65.07546839872153,23.24376126251404,2465.2200000000003,2741.3381333758225,2189.101866624178,22.40109469952558,1.0097093706933027,0.7292,Airtel Africa Plc,12.49T,4.627035861489201,0.0,86.46000000000001,9.605517930744604,SELL 🔴
2026-04-17 10:00:00,NSENG:AIRTELAFRI,2746.7,2746.7,2746.7,2746.7,2.0,100.0,2406.136586094152,2307.5445802758145,97.51646393979536,71.5636675069363,25.95279643285906,2489.055,2776.293690217554,2201.816309782446,23.080140070633554,0.948485891306739,0.7292,Airtel Africa Plc,12.49T,4.627035861489201,0.0,86.46000000000001,9.605517930744604,SELL 🔴
2026-04-20 10:00:00,NSENG:AIRTELAFRI,2746.7,2746.7,2746.7,2746.7,22441.0,100.0,2419.4920140904596,2311.914285944712,103.6109755376433,77.9731291130777,25.637846424565595,2512.89,2802.6948410477953,2223.0851589522044,23.065461762973744,0.9033921572094086,0.7292,Airtel Africa Plc,12.49T,4.627035861489201,0.0,86.46000000000001,9.605517930744604,SELL 🔴
2026-04-22 10:00:00,NSENG:AIRTELAFRI,2746.7,2746.7,2746.7,2746.7,30220.0,100.0,2432.3236998124025,2316.2405119552127,107.20512592869045,83.81952847620026,23.385597452490188,2536.725,2820.773527173571,2252.676472826429,22.394901077063622,0.8696111401973443,0.7292,Airtel Africa Plc,12.49T,4.627035861489201,0.0,86.46000000000001,9.605517930744604,SELL 🔴
2026-04-23 10:00:00,NSENG:AIRTELAFRI,2746.7,2746.7,2746.7,2746.7,46.0,100.0,2444.6521821727006,2320.523690940733,108.79934488545177,88.81549175805057,19.983853127401204,2560.56,2829.996866152549,2291.123133847451,21.045151541268247,0.8454241482578179,0.7292,Airtel Africa Plc,12.49T,4.627035861489201,0.0,86.46000000000001,9.605517930744604,SELL 🔴
2026-04-24 10:00:00,NSENG:AIRTELAFRI,2746.7,2746.7,2746.7,2746.7,61.0,100.0,2456.4971946365163,2324.7642512298803,108.80849825743917,92.81409305792829,15.99440519951088,2584.3949999999995,2828.7816261738412,2340.008373826158,18.912482509356483,0.8320660433450774,0.7292,Airtel Africa Plc,12.49T,4.627035861489201,0.0,86.46000000000001,9.605517930744604,SELL 🔴
2026-04-27 10:00:00,NSENG:AIRTELAFRI,2746.7,2746.7,2746.7,2746.7,26322.0,100.0,2467.877696807633,2328.9626168892846,107.57568681660405,95.76641180966345,11.809275006940595,2596.88,2847.8907701610506,2345.8692298389497,19.33171884423234,0.7984334096578287,0.7292,Airtel Africa Plc,12.49T,4.627035861489201,0.0,86.46000000000001,9.605517930744604,SELL 🔴
2026-04-28 10:00:00,NSENG:AIRTELAFRI,2746.7,2746.7,2746.7,2746.7,121.0,100.0,2478.8119047759615,2333.1192077660085,105.3838751542221,97.68990447857519,7.693970675646909,2609.365,2864.2676420957027,2354.462357904297,19.537522891255378,0.769387164587407,0.7292,Airtel Africa Plc,12.49T,4.627035861489201,0.02026-05-04 10:00:00,NSENG:AIRTELAFRI,3021.3,3021.3,3021.3,3021.3,222.0,100.0,2540.1639217569946,2353.458190865627,146.80365165032572,117.35023008076247,29.453421569563247,2688.0099999999998,3059.670818205895,2316.3491817941044,27.6532318113322,0.948379252901717,0.4939,Airtel Africa Plc,12.49T,4.627035861489201,0.0,74.695,7.252517930744602,SELL 🔴
2026-05-05 10:00:00,NSENG:AIRTELAFRI,3021.3,3021.3,3021.3,3021.3,51.0,100.0,2559.03200325672,2360.103382996317,152.1614723757807,124.31247853976612,27.848993836014586,2714.225,3102.7387015805125,2325.7112984194873,28.627965742008314,0.8951919826132109,0.4939,Airtel Africa Plc,12.49T,4.627035861489201,0.0,74.695,7.252517930744602,SELL 🔴
2026-05-06 10:00:00,NSENG:AIRTELAFRI,3323.4,3323.4,3323.4,3323.4,100023.0,1002026-05-04 10:00:00,NSENG:AIRTELAFRI,3021.3,3021.3,3021.3,3021.3,222.0,100.0,2540.1639217569946,2353.458190865627,146.80365165032572,117.35023008076247,29.453421569563247,2688.0099999999998,3059.670818205895,2316.3491817941044,27.6532318113322,0.948379252901717,0.7292,Airtel Africa Plc,12.49T,4.627035861489201,0.0,86.46000000000001,9.605517930744604,SELL 🔴
2026-05-05 10:00:00,NSENG:AIRTELAFRI,3021.3,3021.3,3021.3,3021.3,51.0,100.0,2559.03200325672,2360.103382996317,152.1614723757807,124.31247853976612,27.848993836014586,2714.225,3102.7387015805125,2325.7112984194873,28.627965742008314,0.8951919826132109,0.7292,Airtel Africa Plc,12.49T,4.627035861489201,0.0,86.46000000000001,9.605517930744604,SELL 🔴
2026-05-06 10:00:00,NSENG:AIRTELAFRI,3323.4,3323.4,3323.4,3323.4,100023.0,100.0,2589.0072188152803,2369.688423961528,178.72430659229667,135.19484415027225,43.529462442024425,2755.5449999999996,3215.9199934907206,2295.1700065092787,33.41444204255209,1.1167309345956535,0.7292,Airtel Africa Plc,12.49T,4.627035861489201,0.0,86.46000000000001,9.605517930744604,SELL 🔴
2026-05-07 10:00:00,NSENG:AIRTELAFRI,3323.4,3323.4,3323.4,3323.4,1715.0,100.0,2617.806935724485,2379.1780913847965,197.49889970674894,147.6556552615676,49.84324444518134,2796.865,3305.362544474744,2288.3674555252555,36.361965591814,1.0177360301158267,0.7292,Airtel Africa Plc,12.49T,4.627035861489201,0.0,86.46000000000001,9.605517930744604,SELL 🔴
2026-05-08 10:00:00,NSENG:AIRTELAFRI,3323.4,3323.4,3323.4,3323.4,1570.0,100.0,2645.4772519705834,2388.5733342565895,209.95763904477508,160.1160520182091,49.841587026565975,2838.185,3377.459281448301,2298.9107185516987,38.00134814667129,0.9498777493123565,0.7292,Airtel Africa Plc,12.49T,4.627035861489201,0.0,86.46000000000001,9.605517930744604,SELL 🔴
2026-05-11 10:00:00,NSENG:AIRTELAFRI,3323.4,3323.4,3323.4,3323.4,253.0,100.0,2672.0624577756585,2397.8750921246833,217.32607996152183,171.55805760687164,45.768022354650185,2879.505,3435.100291840916,2323.9097081590844,38.58963897203969,0.8994769272874805,0.7292,Airtel Africa Plc,12.49T,4.627035861489201,0.0,86.46000000000001,9.605517930744604,SELL 🔴
2026-05-12 10:00:00,NSENG:AIRTELAFRI,3323.4,3323.4,3323.4,3323.4,7.0,100.0,2697.6051064903386,2407.0842951881195,220.62242449787345,181.37093098507202,39.25149351280143,2920.825,3479.5538123852903,2362.0961876147094,38.2582874622951,0.8602597459412841,0.7292,Airtel Africa Plc,12.49T,4.627035861489201,0.0,86.46000000000001,9.605517930744604,SELL 🔴
2026-05-13 10:00:00,NSENG:AIRTELAFRI,3323.4,3323.4,3323.4,3323.4,12007.0,100.0,2722.146082706404,2416.201864390228,220.6908149523042,189.23490777851848,31.455907173785732,2962.145,3511.045740619499,2413.244259380501,37.061031152728795,0.8290713359142868,0.7292,Airtel Africa Plc,12.49T,4.627035861489201,0.0,86.46000000000001,9.605517930744604,SELL 🔴
2026-05-14 10:00:00,NSENG:AIRTELAFRI,3323.4,3323.4,3323.4,3323.4,49.0,100.0,2745.7246676983095,2425.2287115107233,218.2294021749799,195.03380665781077,23.195595517169124,3003.4649999999997,3528.8491833413586,2478.0808166586407,34.98520431177716,0.8044771903536049,0.7292,Airtel Africa Plc,12.49T,4.627035861489201,0.0,86.46000000000001,9.605517930744604,SELL 🔴
2026-05-15 10:00:00,NSENG:AIRTELAFRI,3323.4,3323.4,3323.4,3323.4,3.0,100.0,2768.378602298376,2434.1657392568854,213.81400011667756,198.78984534958414,15.024154767093421,3032.3,3561.6365380609195,2502.963461939081,34.91320371077528,0.7749668491300126,0.7292,Airtel Africa Plc,12.49T,4.627035861489201,0.0,86.46000000000001,9.605517930744604,SELL 🔴
2026-05-18 10:00:00,NSENG:AIRTELAFRI,3323.4,3323.4,3323.4,3323.4,216.0,100.0,2790.144147306283,2443.013841353832,207.91801274773206,200.61547882921374,7.302533918518321,3061.1349999999998,3587.7886394014004,2534.481360598599,34.409043665267994,0.7489919183869053,0.7292,Airtel Africa Plc,12.49T,4.627035861489201,0.0,86.46000000000001,9.605517930744604,SELL 🔴
2026-05-19 10:00:00,NSENG:AIRTELAFRI,3323.4,3323.4,3323.4,3323.4,117682.0,100.0,2811.056141529566,2451.7739026338936,200.9292133817753,200.67822573972606,0.25098764204923896,3089.9700000000003,3607.20224591138,2572.7377540886205,33.47814029983331,0.7256529845588887,0.7292,Airtel Africa Plc,12.49T,5.544263411179739,0.0,86.46000000000001,10.064131705589872,SELL 🔴
2026-05-20 10:00:00,NSENG:AIRTELAFRI,3323.4,3323.4,3323.4,3323.4,3231.0,100.0,2831.1480575480145,2460.4467991250986,193.1638667174866,199.17535393527817,-6.011487217791569,3118.8050000000003,3619.4971124540393,2618.1128875459613,32.107945989187456,0.704312185983138,0.7292,Airtel Africa Plc,12.49T,3.845461230602259,0.0,86.46000000000001,9.214730615301132,SELL 🔴
