date,symbol,open,high,low,close,volume,RSI,EMA_50,EMA_200,MACD_12_26_9,MACDs_12_26_9,MACDh_12_26_9,BBM_20_2.0_2.0,BBU_20_2.0_2.0,BBL_20_2.0_2.0,BBB_20_2.0_2.0,BBP_20_2.0_2.0,avg_sentiment,Name,Market_Cap,AI_Score,Stability_Score,Sentiment_Rescaled,Safety_Index,Recommendation
2025-05-09 10:00:00,NSENG:TRANSPOWER,328.5,328.5,328.5,328.5,277496.0,0.0,363.4725490196078,364.53781094527363,-2.9037037037037408,-0.5807407407407482,-2.3229629629629924,363.08,379.3585748761984,346.80142512380155,8.96693559336699,-0.5621322893124019,0.0484,Transcorp Power Plc,2.30T,44.61540661681818,0.0,52.42,32.79170330840909,SELL 🔴
2025-05-12 10:00:00,NSENG:TRANSPOWER,328.5,328.5,328.5,328.5,85386.0,0.0,362.10107650903495,364.17922576173856,-5.145594597446461,-1.493711512081891,-3.6518830853645703,361.26,383.66736720953975,338.85263279046023,12.405119420660887,-0.23100957586067236,0.0484,Transcorp Power Plc,2.30T,44.61540661681818,0.0,52.42,32.79170330840909,SELL 🔴
2025-05-13 10:00:00,NSENG:TRANSPOWER,328.5,328.5,328.5,328.5,19113.0,0.0,360.78338723417085,363.82420858998,-6.843422567217033,-2.5636537231089194,-4.279768844108114,359.43999999999994,386.1101015331676,332.7698984668323,14.839807218544221,-0.08005028517649457,0.0484,Transcorp Power Plc,2.30T,44.61540661681818,0.0,52.42,32.79170330840909,SELL 🔴
2025-05-14 10:00:00,NSENG:TRANSPOWER,328.5,328.5,328.5,328.5,55390.0,0.0,359.5173720485171,363.47272392739313,-8.095641944476426,-3.670051367382421,-4.425590577094006,357.62,387.4964896127197,327.7435103872803,16.708511611609918,0.012660282759551852,0.0484,Transcorp Power Plc,2.30T,44.61540661681818,0.0,52.42,32.79170330840909,SELL 🔴
2025-05-15 10:00:00,NSENG:TRANSPOWER,328.5,328.5,328.5,328.5,118948.0,0.0,358.30100451720267,363.12473662463304,-8.98446747430097,-4.732934588766131,-4.251532885534839,355.8,388.1422487256464,323.4577512743536,18.180016147074994,0.07795142459664614,0.0484,Transcorp Power Plc,2.30T,44.61540661681818,0.0,52.42,32.79170330840909,SELL 🔴
2025-05-16 10:00:00,NSENG:TRANSPOWER,328.5,328.5,328.5,328.5,65568.0,0.0,357.1323376733908,362.7802118820994,-9.578453658929277,-5.7020384027987605,-3.8764152561305165,353.97999999999996,388.20781878746243,319.7521812125375,19.33884331739786,0.1277881427645457,0.0484,Transcorp Power Plc,2.30T,44.61540661681818,0.0,52.42,32.79170330840909,SELL 🔴
2025-05-19 10:00:00,NSENG:TRANSPOWER,328.5,328.5,328.5,328.5,31612.0,0.0,356.0095009018853,362.43911524645665,-9.934671283251419,-6.548564978889292,-3.3861063043621265,352.15999999999997,387.78544330287434,316.5345566971256,20.23253254365878,0.16793395665491964,0.0484,Transcorp Power Plc,2.30T,44.61540661681818,0.0,52.42,32.79170330840909,SELL 🔴
2025-05-20 10:00:00,NSENG:TRANSPOWER,328.5,328.5,328.5,328.5,22845.0,0.0,354.93069694494864,362.1014126071884,-10.100543538395527,-7.2589606907905395,-2.841582847604988,350.34,386.9310774283625,313.7489225716374,20.888895032461356,0.20156659034216756,0.0484,Transcorp Power Plc,2.30T,44.61540661681818,0.0,52.42,32.79170330840909,SELL 🔴
2025-05-21 10:00:00,NSENG:TRANSPOWER,328.5,328.5,328.5,328.5,97913.0,0.0,353.8941990255389,361.76707019318656,-10.115394524182022,-7.830247457468836,-2.2851470667131863,348.52,385.67841478687814,311.3615852131218,21.323548024146767,0.23061283541259012,0.0484,Transcorp Power Plc,2.30T,44.61540661681818,0.0,52.42,32.79170330840909,SELL 🔴
2025-05-22 10:00:00,NSENG:TRANSPOWER,328.5,328.5,328.5,328.5,99597.0,0.0,352.89834808336093,361.43605456937377,-10.011754760633721,-8.266548918101813,-1.7452058425319077,346.7,384.0456120158996,309.35438798410036,21.543473905912684,0.2563301413797762,0.0484,Transcorp Power Plc,2.30T,36.71571016256926,0.0,52.42,28.841855081284635,SELL 🔴
2025-05-23 10:00:00,NSENG:TRANSPOWER,328.5,328.5,328.5,328.5,59422.0,0.0,351.9415501193076,361.10833263336013,-9.816461444342224,-8.576531423349897,-1.2399300209923272,344.88,382.03841478687815,307.72158521312184,21.548605188400693,0.27959231988302813,0.0484,Transcorp Power Plc,2.30T,35.53005127261502,0.0,52.42,28.249025636307508,SELL 🔴
2025-05-26 10:00:00,NSENG:TRANSPOWER,328.5,328.5,328.5,328.5,103494.0,0.0,351.02227364404064,360.7838716121327,-9.551585353864937,-8.771542209452905,-0.7800431444120317,343.06,379.65107742836256,306.46892257163745,21.33217363048012,0.3010443935614448,0.0484,Transcorp Power Plc,2.30T,35.53005127261502,0.0,52.42,28.249025636307508,SELL 🔴
2025-05-27 10:00:00,NSENG:TRANSPOWER,328.5,328.5,328.5,328.5,10415.0,0.0,350.13904722662727,360.46263905877817,-9.235211375811673,-8.86427604272466,-0.3709353330870133,341.24,376.8654433028744,305.61455669712564,20.879992558243096,0.32119520742957175,0.0484,Transcorp Power Plc,2.30T,37.353098841397816,0.0,52.42,29.160549420698914,SELL 🔴
2025-05-28 10:00:00,NSENG:TRANSPOWER,328.5,328.5,328.5,328.5,93897.0,0.0,349.29045713930856,360.1446028492381,-8.882095451401653,-8.867839924460059,-0.01425552694159471,339.41999999999996,373.6478187874624,305.1921812125375,20.16841599638352,0.3404806326133771,0.0484,Transcorp Power Plc,2.30T,38.84775122970474,0.0,52.42,29.907875614852372,SELL 🔴
2025-05-29 10:00:00,NSENG:TRANSPOWER,328.5,328.5,328.5,328.5,65708.0,50.0,348.4751450946298,359.8297311790964,-8.504217214882146,-8.795115382544477,0.29089816766233056,337.6,369.94224872564644,305.2577512743536,19.160099955951665,0.3593171415322151,0.0484,Transcorp Power Plc,2.30T,36.558786800928665,100.0,52.42,48.76339340046433,HOLD 🟡
2025-05-30 10:00:00,NSENG:TRANSPOWER,328.5,328.5,328.5,328.5,157860.0,50.0,347.69180607131096,359.51799256039897,-8.111244611171628,-8.658341228269908,0.5470966170982798,335.78000000000003,365.65648961271967,305.9035103872804,17.795276438572657,0.37816507068988725,0.0484,Transcorp Power Plc,2.30T,40.33680761670974,100.0,52.42,50.65240380835487,HOLD 🟡
2025-06-02 10:00:00,NSENG:TRANSPOWER,328.5,328.5,328.5,328.5,139828.0,50.0,346.9391862253772,359.2093558185045,-7.710924256570195,-8.468857833929965,0.7579335773597702,333.96,360.6301015331676,307.28989846683237,15.972033496926347,0.3976381849688539,0.0484,Transcorp Power Plc,2.30T,39.048404789083555,100.0,52.42,50.008202394541776,HOLD 🟡
2025-06-03 10:00:00,NSENG:TRANSPOWER,328.5,328.5,328.5,328.5,84670.0,50.0,346.21608088320556,358.9037900889671,-7.309409172405935,-8.236968101625159,0.9275589292192237,332.14,354.5473672095397,309.7326327904603,13.492724278641358,0.4187767137932587,0.0484,Transcorp Power Plc,2.30T,37.91092626298151,100.0,52.42,49.43946313149076,HOLD 🟡
2025-06-04 10:00:00,NSENG:TRANSPOWER,328.5,328.5,328.5,328.5,77460.0,50.0,345.52133261327594,358.6012648144501,-6.911533717036093,-7.971881224707347,1.0603475076712536,330.32,346.5985748761983,314.0414251238017,9.856245383990265,0.44409830056250493,0.0484,Transcorp Power Plc,2.30T,40.609081869570474,100.0,52.42,50.78854093478524,HOLD 🟡
2025-06-17 10:00:00,NSENG:TRANSPOWER,295.7,295.7,295.7,295.7,2605093.0,0.0,341.149242251104,356.80682871630887,-7.6962610072232565,-6.920447298387491,-0.7758137088357655,326.86,341.52860593239836,312.19139406760166,8.975467131125466,-0.5621322893124205,0.0484,Transcorp Power Plc,2.30T,35.53005127261502,0.0,52.42,28.249025636307508,SELL 🔴
2025-06-18 10:00:00,NSENG:TRANSPOWER,295.7,320.0,295.7,320.0,7024626.0,42.556917688266196,340.3198602020411,356.44059161465407,-7.454379071503979,-7.027233653010789,-0.42714541849318977,326.435,341.39322604173975,311.47677395826025,9.164596959112686,0.2849009641235651,0.0484,Transcorp Power Plc,2.30T,29.917587315450973,85.11383537653239,52.42,40.9769442706852,SELL 🔴
2025-06-19 10:00:00,NSENG:TRANSPOWER,320.0,320.0,320.0,320.0,109854.0,42.556917688266196,339.523002939216,356.0779986632645,-7.179920243558627,-7.057770971120357,-0.12214927243826956,326.01,341.20236650426756,310.8176334957324,9.320184352791367,0.3022032973496338,0.0484,Transcorp Power Plc,2.30T,40.68759750260625,85.11383537653239,52.42,46.36194936426285,HOLD 🟡
2025-06-20 10:00:00,NSENG:TRANSPOWER,320.0,320.0,320.0,320.0,342624.0,42.556917688266196,338.7573949808154,355.7190136019385,-6.88306594538426,-7.022829965973138,0.1397640205888777,325.585,340.958562406047,310.21143759395295,9.443655208960505,0.31835699974772347,0.0484,Transcorp Power Plc,2.30T,41.57439819064507,85.11383537653239,52.42,46.80534970828226,HOLD 🟡
2025-06-23 10:00:00,NSENG:TRANSPOWER,320.0,320.0,320.0,320.0,121821.0,42.556917688266196,338.0218108639207,355.3636005312725,-6.5720482935908535,-6.932673631496681,0.3606253379058275,325.15999999999997,340.6636701936565,309.6563298063434,9.536025460485021,0.3335877912924378,0.0484,Transcorp Power Plc,2.30T,36.42561882898899,85.11383537653239,52.42,44.23096002745421,SELL 🔴
2025-06-24 10:00:00,NSENG:TRANSPOWER,320.0,320.0,320.0,320.0,141200.0,42.556917688266196,337.31507318298264,355.0117239090708,-6.253478357928316,-6.7968345767830085,0.5433562188546928,324.735,340.3189694963494,309.15103050365065,9.597961104500204,0.3480810681415536,0.0484,Transcorp Power Plc,2.30T,36.42561882898899,85.11383537653239,52.42,44.23096002745421,SELL 🔴
2025-06-25 10:00:00,NSENG:TRANSPOWER,320.0,320.0,320.0,320.0,28069.0,42.556917688266196,336.6360507052186,354.6633485467915,-5.932621817361621,-6.623992024898731,0.6913702075371102,324.31,339.925228734189,308.694771265811,9.629816369639526,0.36199369623823013,0.0484,Transcorp Power Plc,2.30T,36.42561882898899,85.11383537653239,52.42,44.23096002745421,SELL 🔴
2025-06-26 10:00:00,NSENG:TRANSPOWER,320.0,320.0,320.0,320.0,98496.0,42.556917688266196,335.9836565599159,354.3184396060274,-5.613630262018887,-6.421919672322763,0.8082894103038756,323.885,339.4827427516726,308.28725724832736,9.631654909410827,0.3754627492627617,0.0484,Transcorp Power Plc,2.30T,36.42561882898899,85.11383537653239,52.42,44.23096002745421,SELL 🔴
2025-06-27 10:00:00,NSENG:TRANSPOWER,320.0,320.0,320.0,320.0,510373.0,42.556917688266196,335.35684649874275,353.9769625950222,-5.299735108835648,-6.19748275962534,0.8977476507896922,323.46,338.9913469101071,307.92865308989286,9.603256606756396,0.38861236504387253,0.0484,Transcorp Power Plc,2.30T,36.42561882898899,85.11383537653239,52.42,44.23096002745421,SELL 🔴
2025-06-30 10:00:00,NSENG:TRANSPOWER,320.0,320.0,320.0,320.0,19978.0,42.556917688266196,334.75461722428224,353.638883365221,-4.9934100160700154,-5.956668210914276,0.9632581948442605,323.03499999999997,338.45040924222417,307.61959075777577,9.544110850046714,0.4015595385010335,0.0484,Transcorp Power Plc,2.30T,35.320268678396104,85.11383537653239,52.42,43.678284952157775,SELL 🔴
2025-07-01 10:00:00,NSENG:TRANSPOWER,320.0,320.0,320.0,320.0,14386.0,42.556917688266196,334.1760047841143,353.3041681078556,-4.696506766569087,-5.704635922045238,1.0081291554761513,322.61,337.8587997802066,307.36120021979343,9.45339560472805,0.4144194940710063,0.0484,Transcorp Power Plc,2.30T,35.320268678396104,85.11383537653239,52.42,43.678284952157775,SELL 🔴
2025-07-02 10:00:00,NSENG:TRANSPOWER,320.0,320.0,320.0,320.0,19059.0,42.556917688266196,333.62008302787456,352.97278335056353,-4.41036881591657,-5.445782500819504,1.0354136849029345,322.185,337.2148334899901,307.1551665100099,9.32993993512429,0.42731123729829684,0.0484,Transcorp Power Plc,2.30T,37.28332567991966,85.11383537653239,52.42,44.65981345291955,SELL 🔴
2025-07-03 10:00:00,NSENG:TRANSPOWER,320.0,320.0,320.0,320.0,42989.0,42.556917688266196,333.08596212482064,352.6446959540405,-4.135926047560133,-5.18381121016763,1.0478851626074972,321.76,336.5161797937423,307.00382020625767,9.172165461053156,0.4403639687032562,0.0484,Transcorp Power Plc,2.30T,37.94673127127493,85.11383537653239,52.42,44.991516248597186,SELL 🔴
2025-07-04 10:00:00,NSENG:TRANSPOWER,320.0,320.0,320.0,320.0,11089.0,42.556917688266196,332.57278713953355,352.3198731087267,-3.8737737242317962,-4.921803712980464,1.0480299887486675,321.335,335.75972657772377,306.9102734222762,8.977999021409925,0.4537252927184897,0.0484,Transcorp Power Plc,2.30T,37.94673127127493,85.11383537653239,52.42,44.991516248597186,SELL 🔴
2025-07-07 10:00:00,NSENG:TRANSPOWER,320.0,320.0,320.0,320.0,33289.0,100.0,332.0797366634734,351.99828233152544,-3.624238157815171,-4.662290601947405,1.0380524441322345,320.90999999999997,334.94137836947436,306.8786216305256,8.74474361626275,0.4675726797454306,0.0484,Transcorp Power Plc,2.30T,76.56596538107692,0.0,52.42,23.766982690538462,SELL 🔴
2025-07-08 10:00:00,NSENG:TRANSPOWER,320.0,320.0,320.0,320.0,19220.0,50.0,331.6060215001999,351.6798914625551,-3.3874312250634944,-4.407318726570623,1.019887501507129,320.485,334.0557541581534,306.91424584184665,8.468885693965934,0.4821306909568978,0.0484,Transcorp Power Plc,2.30T,39.929081453692525,100.0,52.42,50.44854072684627,HOLD 🟡
2025-07-09 10:00:00,NSENG:TRANSPOWER,320.0,320.0,320.0,320.0,44923.0,50.0,331.1508834021529,351.3646686619326,-3.163295523049385,-4.158514085866376,0.9952185628169907,320.06,333.09572419404236,307.02427580595764,8.145800283723275,0.4976986318862352,0.0484,Transcorp Power Plc,2.30T,37.91092626298151,100.0,52.42,49.43946313149076,HOLD 🟡
2025-07-10 10:00:00,NSENG:TRANSPOWER,320.0,320.0,320.0,320.0,921060.0,50.0,330.7135938569704,351.05258240659003,-2.951641676479369,-3.9171396039889745,0.9654979275096056,319.635,332.0516738490494,307.2183261509506,7.769282994070989,0.5146979780751813,0.0484,Transcorp Power Plc,2.30T,37.91092626298151,100.0,52.42,49.43946313149076,HOLD 🟡
2025-07-11 10:00:00,NSENG:TRANSPOWER,320.0,320.0,320.0,320.0,304437.0,50.0,330.29345292140295,350.7436014871215,-2.7521790710301275,-3.6841474973972055,0.931968426367078,319.21,330.9102744007401,307.50972559925987,7.330769337263941,0.5337598919880908,0.0484,Transcorp Power Plc,2.30T,37.91092626298151,100.0,52.42,49.43946313149076,HOLD 🟡
2025-07-14 10:00:00,NSENG:TRANSPOWER,320.0,320.0,320.0,320.0,190916.0,50.0,329.8897881009558,350.4376950046626,-2.5645410858944047,-3.4602262150966454,0.8956851292022407,318.78499999999997,329.65229037064813,307.9177096293518,6.817943360351437,0.5559016994375005,0.0484,Transcorp Power Plc,2.30T,39.048404789083555,100.0,52.42,50.008202394541776,HOLD 🟡
2025-08-04 10:00:00,NSENG:TRANSPOWER,288.0,288.0,288.0,288.0,277629.0,0.0,324.39381275431913,346.1428219867457,-3.467833358056282,-1.8227988225683205,-1.6450345354879616,318.4,332.710835055998,304.08916494400194,8.98921799999877,-0.5621322893124449,0.0484,Transcorp Power Plc,2.30T,36.71571016256926,0.0,52.42,28.841855081284635,SELL 🔴
2025-08-05 10:00:00,NSENG:TRANSPOWER,288.0,288.0,288.0,288.0,512841.0,0.0,322.9666044110125,345.564286444589,-5.372263566547986,-2.5326917713642536,-2.839571795183732,316.8,336.49878436003445,297.1012156399656,12.436101237395478,-0.2310095758606919,0.0484,Transcorp Power Plc,2.30T,44.61540661681818,0.0,52.42,32.79170330840909,SELL 🔴
2025-08-06 10:00:00,NSENG:TRANSPOWER,288.0,288.0,288.0,288.0,242946.0,0.0,321.59536502234533,344.9915074749911,-6.803116139394206,-3.386776644970244,-3.4163394944239616,315.2,338.646243106081,291.753756893919,14.877057808427029,-0.08005028517650697,0.0484,Transcorp Power Plc,2.30T,44.61540661681818,0.0,52.42,32.79170330840909,SELL 🔴
2025-08-07 10:00:00,NSENG:TRANSPOWER,288.0,288.0,288.0,288.0,380035.0,0.0,320.2778997273514,344.42442779862307,-7.846626090890311,-4.278746534154258,-3.5678795567360533,313.6,339.86504581337954,287.3349541866205,16.750666972818568,0.012660282759543406,0.0484,Transcorp Power Plc,2.30T,44.61540661681818,0.0,52.42,32.79170330840909,SELL 🔴
2025-08-08 10:00:00,NSENG:TRANSPOWER,288.0,288.0,288.0,288.0,638208.0,0.0,319.0120997380435,343.8629907060995,-8.574770627351484,-5.137951352793703,-3.436819274557781,312.0,340.43274613243597,283.56725386756403,18.22611931566408,0.07795142459663976,0.0484,Transcorp Power Plc,2.30T,44.61540661681818,0.0,52.42,32.79170330840909,SELL 🔴
2025-08-11 10:00:00,NSENG:TRANSPOWER,286.5,286.5,286.5,286.5,170972.0,0.0,317.7371154345908,343.2922146791731,-9.167194174409644,-5.943799917116891,-3.223394257292753,310.325,340.6569789556895,279.99302104431047,19.548524260494336,0.10726268413273092,0.0484,Transcorp Power Plc,2.30T,44.61540661681818,0.0,52.42,32.79170330840909,SELL 🔴
2025-08-12 10:00:00,NSENG:TRANSPOWER,286.5,286.5,286.5,286.5,132049.0,0.0,316.5121305155873,342.7271180156988,-9.526874227809515,-6.660414779255416,-2.8664594485540986,308.65,340.3991815062335,276.90081849376645,20.57293471973661,0.15117210981248255,0.0484,Transcorp Power Plc,2.30T,44.61540661681818,0.0,52.42,32.79170330840909,SELL 🔴
2025-08-13 10:00:00,NSENG:TRANSPOWER,286.5,286.5,286.5,286.5,313770.0,0.0,315.33518422085837,342.16764420459737,-9.70010647217913,-7.268353117840159,-2.43175335433897,306.975,339.72199664814553,274.2280033518545,21.33528570609692,0.1873759108354821,0.0484,Transcorp Power Plc,2.30T,44.61540661681818,0.0,52.42,32.79170330840909,SELL 🔴
2025-08-14 10:00:00,NSENG:TRANSPOWER,286.5,286.5,286.5,286.5,164036.0,0.0,314.2043926827855,341.61373729708896,-9.725287216660377,-7.759739937604203,-1.9655472790561737,305.3,338.6630744512863,271.9369255487137,21.855928235366072,0.21825138556325135,0.0484,Transcorp Power Plc,2.30T,36.71571016256926,0.0,52.42,28.841855081284635,SELL 🔴
2025-08-15 10:00:00,NSENG:TRANSPOWER,286.5,286.5,286.5,286.5,253092.0,0.0,313.1179459109116,341.06534190109807,-9.634186236220785,-8.13462919732752,-1.4995570388932649,303.625,337.2434081779762,270.0065918220238,22.144690442470957,0.24530322927040354,0.0484,Transcorp Power Plc,2.30T,36.88345481907652,0.0,52.42,28.92572740953826,SELL 🔴
2025-08-18 10:00:00,NSENG:TRANSPOWER,286.5,286.5,286.5,286.5,140190.0,0.0,312.0741048947974,340.52240317571403,-9.453019528056188,-8.398307263473255,-1.0547122645829337,301.95,335.4712422832223,268.4287577167777,22.203174223031834,0.26954911352237,0.0484,Transcorp Power Plc,2.30T,35.53005127261502,0.0,52.42,28.249025636307508,SELL 🔴
2025-08-19 10:00:00,NSENG:TRANSPOWER,286.5,286.5,286.5,286.5,132592.0,0.0,311.07119882049165,339.98486682570694,-9.203353081168757,-8.559316427012355,-0.6440366541564018,300.275,333.34346963816876,267.2065303618312,22.02545642372411,0.2917200258928766,0.0484,Transcorp Power Plc,2.30T,37.96093614893133,0.0,52.42,29.46446807446567,SELL 🔴
2025-08-20 10:00:00,NSENG:TRANSPOWER,286.5,286.5,286.5,286.5,113984.0,0.0,310.10762239615866,339.45267909609794,-8.902863949491518,-8.628025931508189,-0.2748380179833294,298.6,330.84511386894167,266.3548861310584,21.597531057563053,0.31237467404860536,0.0484,Transcorp Power Plc,2.30T,40.752268883860346,0.0,52.42,30.86013444193017,SELL 🔴
2025-08-21 10:00:00,NSENG:TRANSPOWER,286.5,286.5,286.5,286.5,612701.0,0.0,309.1818332825838,338.9257867667836,-8.565980852599125,-8.615616915726376,0.04963606312725055,296.925,327.9466817216937,265.9033182783063,20.895297951801776,0.331972358985462,0.0484,Transcorp Power Plc,2.30T,38.84775122970474,0.0,52.42,29.907875614852372,SELL 🔴
2025-08-22 10:00:00,NSENG:TRANSPOWER,286.5,286.5,286.5,286.5,29763628.0,0.0,308.29234962444326,338.4041371472136,-8.20442308890739,-8.53337815036258,0.32895506145518993,295.25,324.5981820471668,265.9018179528332,19.88022492610791,0.3509277340256123,0.0484,Transcorp Power Plc,2.30T,34.518217792535836,0.0,52.42,27.74310889626792,SELL 🔴
2025-08-25 10:00:00,NSENG:TRANSPOWER,286.5,286.5,286.5,286.5,269693.0,0.0,307.43774767838664,337.8876780711219,-7.8276536377084085,-8.392233247831747,0.5645796101233387,293.575,320.7164908639107,266.4335091360893,18.490328443437413,0.36966449198618956,0.0484,Transcorp Power Plc,2.30T,34.518217792535836,0.0,52.42,27.74310889626792,SELL 🔴
2025-08-26 10:00:00,NSENG:TRANSPOWER,286.5,286.5,286.5,286.5,41079.0,0.0,306.6166595341362,337.3763578913098,-7.44325986668116,-8.20243857160163,0.7591787049204708,291.9,316.1565238104798,267.64347618952013,16.619749099335284,0.38868973884734986,0.0484,Transcorp Power Plc,2.30T,34.518217792535836,0.0,52.42,27.74310889626792,SELL 🔴
2025-08-27 10:00:00,NSENG:TRANSPOWER,286.5,286.5,286.5,286.5,147037.0,0.0,305.8277709249544,336.87012547448086,-7.0572731814982035,-7.9734054935809455,0.916132312082742,290.225,310.6326224149589,269.81737758504113,14.063311165446734,0.4087350813275147,0.0484,Transcorp Power Plc,2.30T,33.440303005486015,0.0,52.42,27.20415150274301,SELL 🔴
2025-08-28 10:00:00,NSENG:TRANSPOWER,286.5,286.5,286.5,286.5,137048.0,0.0,305.0698191239758,336.36893019612785,-6.674437195312123,-7.713611833927182,1.0391746386150587,288.55,303.4139443656526,273.68605563434744,10.302508657530806,0.4310411843057914,0.0484,Transcorp Power Plc,2.30T,35.35598928388187,0.0,52.42,28.161994641940936,SELL 🔴
2025-08-29 10:00:00,NSENG:TRANSPOWER,286.5,286.5,286.5,286.5,113106.0,50.0,304.34159092303554,335.8727219354699,-6.298432508752569,-7.43057596889226,1.132143460139691,286.875,288.2077849749389,285.5422150250611,0.9291747101970369,0.3593171415302012,0.0484,Transcorp Power Plc,2.30T,40.609081869570474,100.0,52.42,50.78854093478524,HOLD 🟡
2025-09-01 10:00:00,NSENG:TRANSPOWER,286.5,286.5,286.5,286.5,106553.0,50.0,303.64192069075966,335.38145107044033,-5.932064933712979,-7.130873761856404,1.1988088281434246,286.8,288.0311740224815,285.56882597751854,0.8585592904333811,0.3781650706878333,0.0484,Transcorp Power Plc,2.30T,40.12926765335988,100.0,52.42,50.54863382667994,HOLD 🟡
2025-09-03 10:00:00,NSENG:TRANSPOWER,286.5,286.5,286.5,286.5,99457.0,50.0,302.9696885068083,334.8950684727245,-5.577422931232206,-6.820183595731565,1.2427606644993583,286.725,287.82404264557437,285.6259573544257,0.7666179409359791,0.3976381849666802,0.0484,Transcorp Power Plc,2.30T,40.12926765335988,100.0,52.42,50.54863382667994,HOLD 🟡
2025-09-04 10:00:00,NSENG:TRANSPOWER,286.5,286.5,286.5,286.5,144451.0,50.0,302.3238183692864,334.41352550284665,-5.236009135200504,-6.503348703625353,1.2673395684248483,286.65,287.57338051684894,285.726619483151,0.6442564220121859,0.4187767137908367,0.0484,Transcorp Power Plc,2.30T,40.12926765335988,100.0,52.42,50.54863382667994,HOLD 🟡
2025-09-08 10:00:00,NSENG:TRANSPOWER,286.2,314.0,286.2,314.0,2498904.0,100.0,302.78170784500065,334.21040584610193,-2.715117880358548,-5.745702538971992,3.030584658613444,287.95,300.23135086003646,275.6686491399635,8.53019681197185,1.5605510866384718,0.0484,Transcorp Power Plc,2.30T,76.0770071293682,0.0,52.42,23.5225035646841,SELL 🔴
2025-09-09 10:00:00,NSENG:TRANSPOWER,314.0,314.0,314.0,314.0,101802.0,100.0,303.2216408706869,334.0093072804691,-0.7091191151079101,-4.7383858541991755,4.029266739091265,289.25,306.17864280940364,272.32135719059636,11.705198139604937,1.231009575860733,0.0484,Transcorp Power Plc,2.30T,76.0770071293682,0.0,52.42,23.5225035646841,SELL 🔴
2025-09-10 10:00:00,NSENG:TRANSPOWER,314.0,314.0,314.0,314.0,101113.0,100.0,303.64432162085603,333.8102096955888,0.8706134686651694,-3.616585989626307,4.487199458291476,290.625,310.7741151692876,270.4758848307124,13.866057750907594,1.0800502851765292,0.0484,Transcorp Power Plc,2.30T,72.52678894653471,0.0,52.42,21.747394473267356,SELL 🔴
2025-09-11 10:00:00,NSENG:TRANSPOWER,314.0,314.0,314.0,314.0,332563.0,100.0,304.0504266553323,333.6130931812049,2.0983741714085795,-2.4735939574193297,4.571968128827909,292.0,314.57152374587235,269.42847625412765,15.45994777114545,0.9873397172404705,0.0484,Transcorp Power Plc,2.30T,70.5822381103542,0.0,52.42,20.7751190551771,SELL 🔴
2025-09-12 10:00:00,NSENG:TRANSPOWER,314.0,314.0,314.0,314.0,96760.0,100.0,304.440606002182,333.417938025173,3.0363818539407816,-1.3715987951473076,4.407980649088089,293.375,317.80939120756165,268.94060879243835,16.65744607247492,0.922048575403369,0.0484,Transcorp Power Plc,2.30T,70.5822381103542,0.0,52.42,20.7751190551771,SELL 🔴
2025-09-15 10:00:00,NSENG:TRANSPOWER,314.0,314.0,314.0,314.0,102441.0,100.0,304.8154841981749,333.22472471148967,3.7366855157088708,-0.349941932976072,4.0866274486849425,294.75,320.60892902898865,268.89107097101135,17.546347093461343,0.872211857235467,0.0484,Transcorp Power Plc,2.30T,71.13949862938748,0.0,52.42,21.05374931469374,SELL 🔴
2025-09-16 10:00:00,NSENG:TRANSPOWER,314.0,314.0,314.0,314.0,143622.0,100.0,305.17566128844254,333.03343391834056,4.242773165063227,0.5686010866317878,3.674172078431439,296.125,323.03982667112683,269.21017332887317,18.178017169186546,0.8320660433450905,0.0484,Transcorp Power Plc,2.30T,76.54307468277524,0.0,52.42,23.755537341387623,SELL 🔴
2025-09-17 10:00:00,NSENG:TRANSPOWER,314.0,314.0,314.0,314.0,612041.0,100.0,305.521713786935,332.844046516168,4.590929891308804,1.373066847567191,3.2178630437416125,297.5,325.14435794725114,269.85564205274886,18.58444231747976,0.7984334096578413,0.0484,Transcorp Power Plc,2.30T,76.54307468277524,0.0,52.42,23.755537341387623,SELL 🔴
2025-09-18 10:00:00,NSENG:TRANSPOWER,314.0,314.0,314.0,314.0,108914.0,100.0,305.85419559921206,332.6565435657584,4.811383965816788,2.0607302712171105,2.750653694599677,298.875,326.9479782043715,270.8020217956285,18.785765423251533,0.7693871645874171,0.0484,Transcorp Power Plc,2.30T,76.54307468277524,0.0,52.42,23.755537341387623,SELL 🔴
2025-09-19 10:00:00,NSENG:TRANSPOWER,314.0,314.0,314.0,314.0,594246.0,100.0,306.1736389090469,332.4709063163479,4.929273808057303,2.634438978585149,2.294834829472154,300.25,328.46440468234107,272.03559531765893,18.793941503641012,0.7436698586202298,0.0484,Transcorp Power Plc,2.30T,76.54307468277524,0.0,52.42,23.755537341387623,SELL 🔴
2025-09-22 10:00:00,NSENG:TRANSPOWER,314.0,314.0,314.0,314.0,498872.0,100.0,306.48055503026075,332.2871162037475,4.965463584079828,3.100643899684085,1.864819684395743,301.625,329.69797820437157,273.55202179562843,18.614490313715088,0.7204076801169772,0.0484,Transcorp Power Plc,2.30T,76.54307468277524,0.0,52.42,23.755537341387623,SELL 🔴
2025-09-23 10:00:00,NSENG:TRANSPOWER,314.0,314.0,314.0,314.0,368088.0,100.0,306.7754352251525,332.10515484848634,4.937230917612226,3.467961303269713,1.4692696143425126,303.0,330.64435794725125,275.35564205274875,18.247100955281354,0.69895560643856,0.0484,Transcorp Power Plc,2.30T,75.18692113332072,0.0,52.42,23.077460566660363,SELL 🔴
2025-09-24 10:00:00,NSENG:TRANSPOWER,314.0,314.0,314.0,314.0,28212.0,100.0,307.0587514908328,331.925004053974,4.85884656733009,3.7461383560817887,1.1127082112483015,304.375,331.289826671127,277.460173328873,17.685307052896594,0.6788047925704322,0.0484,Transcorp Power Plc,2.30T,72.80791850244603,0.0,52.42,21.887959251223016,SELL 🔴
2025-09-25 10:00:00,NSENG:TRANSPOWER,314.0,314.0,314.0,314.0,6761.0,100.0,307.3309573147217,331.7466458046808,4.74206285622779,3.945323256110989,0.7967396001168008,305.75,331.6089290289889,279.8910709710111,16.915080313320612,0.6595193673866273,0.0484,Transcorp Power Plc,2.30T,65.82863924105524,0.0,52.42,18.398319620527623,SELL 🔴
2025-09-26 10:00:00,NSENG:TRANSPOWER,314.0,314.0,314.0,314.0,2093.0,50.0,307.59248840041886,331.5700622643357,4.596525044324551,4.075563613753702,0.520961430570849,307.125,331.55939120756193,282.69060879243807,15.911691466055794,0.640682858467788,0.0484,Transcorp Power Plc,2.30T,44.22672886092195,100.0,52.42,52.59736443046098,HOLD 🟡
2025-09-29 10:00:00,NSENG:TRANSPOWER,314.0,314.0,314.0,314.0,592491.0,50.0,307.8437633651083,331.3952357741433,4.430117641331094,4.146474419269181,0.2836432220619134,308.5,331.0715237458727,285.9284762541273,14.63307860348311,0.6218349293101157,0.0484,Transcorp Power Plc,2.30T,44.22672886092195,100.0,52.42,52.59736443046098,HOLD 🟡
2025-09-30 10:00:00,NSENG:TRANSPOWER,314.0,314.0,314.0,314.0,6230.0,50.0,308.0851844096139,331.22214885101755,4.2492557997683775,4.167030695369021,0.08222510439935693,309.875,330.02411516928805,289.72588483071195,13.004672961218589,0.6023618150311499,0.0484,Transcorp Power Plc,2.30T,58.932434177991965,100.0,52.42,59.950217088995984,HOLD 🟡
2025-10-02 10:00:00,NSENG:TRANSPOWER,314.0,314.0,314.0,314.0,33572.0,50.0,308.31713796217804,331.0507841858333,4.05913035923038,4.145450628141293,-0.08632026891091282,311.25,328.1786428094042,294.3213571905958,10.877842769095073,0.5812232862067453,0.0484,Transcorp Power Plc,2.30T,64.03083136393941,100.0,52.42,62.49941568196971,HOLD 🟡
2025-10-03 10:00:00,NSENG:TRANSPOWER,314.0,314.0,314.0,314.0,17758.0,50.0,308.5399952969946,330.8811246416957,3.86391378491453,4.08914325949594,-0.2252294745814103,312.625,324.9233738762478,300.3266261237522,7.867812155936223,0.5559016994374995,0.0484,Transcorp Power Plc,2.30T,59.45949445077313,100.0,52.42,60.213747225386555,HOLD 🟡
2025-10-13 10:00:00,NSENG:TRANSPOWER,340.0,342.0,340.0,342.0,1830724.0,100.0,310.803184865281,330.1766434905989,4.962899595378531,3.785105056011499,1.1777945393670315,315.4,327.9219806739979,302.87801932600206,7.940380896637868,1.5621322893124778,0.0484,Transcorp Power Plc,2.30T,72.80791850244603,0.0,52.42,21.887959251223016,SELL 🔴
2025-10-14 10:00:00,NSENG:TRANSPOWER,342.0,342.0,342.0,342.0,472801.0,100.0,312.0265893803681,330.29428882900095,6.518013627681796,4.331686770345559,2.186326857336237,316.8,334.03643631502996,299.56356368497006,10.881588582720926,1.2310095758606991,0.0484,Transcorp Power Plc,2.30T,76.54307468277524,0.0,52.42,23.755537341387623,SELL 🔴
2025-10-15 10:00:00,NSENG:TRANSPOWER,342.0,342.0,342.0,342.0,13180.0,100.0,313.20201724780463,330.41076356702087,7.662128454954313,4.9977751072673104,2.664353347687003,318.2,338.7154627178208,297.6845372821792,12.89469686852345,1.0800502851765093,0.0484,Transcorp Power Plc,2.30T,76.54307468277524,0.0,52.42,23.755537341387623,SELL 🔴
2025-10-16 10:00:00,NSENG:TRANSPOWER,342.0,342.0,342.0,342.0,161904.0,100.0,314.3313499047535,330.52607935242366,8.47119701244759,5.692459488303366,2.7787375241442236,319.6,342.581915086707,296.61808491329305,14.381674021719007,0.9873397172404578,0.0484,Transcorp Power Plc,2.30T,76.54307468277524,0.0,52.42,23.755537341387623,SELL 🔴
2025-10-17 10:00:00,NSENG:TRANSPOWER,342.0,342.0,342.0,342.0,45522.0,100.0,315.41639500652786,330.6402477170762,9.008544776723511,6.355676545987396,2.6528682307361153,321.0,345.87865286588146,296.12134713411854,15.500718296499356,0.9220485754033604,0.0484,Transcorp Power Plc,2.30T,76.54307468277524,0.0,52.42,23.755537341387623,SELL 🔴
2025-10-20 10:00:00,NSENG:TRANSPOWER,342.0,342.0,342.0,342.0,88906.0,100.0,316.45888931999735,330.7532800781003,9.326882258401554,6.949917688470228,2.376964569931326,322.4,348.7290913749707,296.07090862502923,16.333183235093514,0.8722118572354607,0.0484,Transcorp Power Plc,2.30T,76.54307468277524,0.0,52.42,23.755537341387623,SELL 🔴
2025-10-21 10:00:00,NSENG:TRANSPOWER,342.0,342.0,342.0,342.0,32655.0,100.0,317.46050150352687,330.86518773901474,9.470002709762923,7.453934692728767,2.016068017034156,323.8,351.2041871560569,296.39581284394313,16.926613437959777,0.8320660433450846,0.0484,Transcorp Power Plc,2.30T,76.54307468277524,0.0,52.42,23.755537341387623,SELL 🔴
2025-10-22 10:00:00,NSENG:TRANSPOWER,342.0,342.0,342.0,342.0,694485.0,100.0,318.4228347778984,330.97598189086534,9.474213858724,7.857990525927814,1.616223332796185,325.2,353.3469826372016,297.05301736279836,17.31056742755328,0.7984334096578365,0.0484,Transcorp Power Plc,2.30T,74.02186937250661,0.0,52.42,22.49493468625331,SELL 🔴
2025-10-23 10:00:00,NSENG:TRANSPOWER,342.0,342.0,342.0,342.0,114809.0,100.0,319.3474294924906,331.0856736133443,9.369544942853338,8.16030140931292,1.209243533540418,326.6,355.183395989906,298.01660401009406,17.503610526580506,0.7693871645874126,0.0484,Transcorp Power Plc,2.30T,72.80791850244603,0.0,52.42,21.887959251223016,SELL 🔴
2025-10-24 10:00:00,NSENG:TRANSPOWER,342.0,342.0,342.0,342.0,75993.0,100.0,320.2357655908243,331.1942738758981,9.180763941041846,8.364393915658706,0.8163700253831401,328.0,356.72739385838406,299.27260614161594,17.516703572185406,0.7436698586202263,0.0484,Transcorp Power Plc,2.30T,65.82863924105524,0.0,52.42,18.398319620527623,SELL 🔴
2025-10-27 10:00:00,NSENG:TRANSPOWER,342.0,342.0,342.0,342.0,224289.0,100.0,321.08926497941945,331.3017935388245,8.928234507246032,8.477162033976171,0.45107247326986055,329.4,357.983395989906,300.81660401009395,17.354824523318776,0.7204076801169742,0.0484,Transcorp Power Plc,2.30T,78.01843189285863,0.0,52.42,24.493215946429316,SELL 🔴
2025-10-28 10:00:00,NSENG:TRANSPOWER,342.0,342.0,342.0,342.0,25898.0,100.0,321.90929380375593,331.4082433543586,8.628637549061295,8.507457136993196,0.12118041206809949,330.8,358.9469826372017,302.6530173627983,17.017522755261,0.6989556064385569,0.0484,Transcorp Power Plc,2.30T,57.72874587399974,0.0,52.42,14.348372936999873,SELL 🔴
2025-10-29 10:00:00,NSENG:TRANSPOWER,342.0,342.0,342.0,342.0,8025.0,100.0,322.6971646349812,331.5136339677481,8.295578535679397,8.465081416730436,-0.16950288105103972,332.2,359.6041871560569,304.79581284394305,16.498607559335905,0.6788047925704301,0.0484,Transcorp Power Plc,2.30T,80.30182576774068,0.0,52.42,25.634912883870342,SELL 🔴
2025-10-30 10:00:00,NSENG:TRANSPOWER,342.0,342.0,342.0,342.0,11432.0,100.0,323.4541385708643,331.61797591831777,7.940098356697263,8.360084804723803,-0.41998644802654006,333.6,359.92909137497094,307.2709086250291,15.784826963411819,0.6595193673866244,0.0484,Transcorp Power Plc,2.30T,72.99553556660487,0.0,52.42,21.981767783302438,SELL 🔴
2025-10-31 10:00:00,NSENG:TRANSPOWER,342.0,342.0,342.0,342.0,10310.0,50.0,324.18142725435985,331.72127964052356,7.571102793600687,8.20228840249918,-0.6311856088984928,335.0,359.87865286588163,310.12134713411837,14.852927084108439,0.6406828584677858,0.0484,Transcorp Power Plc,2.30T,61.96299589926362,100.0,52.42,61.46549794963181,HOLD 🟡
2025-11-03 10:00:00,NSENG:TRANSPOWER,342.0,342.0,342.0,342.0,11684.0,50.0,324.8801948130124,331.823555464996,7.19572333198829,8.000975388397002,-0.8052520564087118,336.4,359.38191508670724,313.4180849132927,13.663445354760558,0.6218349293101135,0.0484,Transcorp Power Plc,2.30T,61.75633530748803,100.0,52.42,61.362167653744024,HOLD 🟡
2025-11-04 10:00:00,NSENG:TRANSPOWER,342.0,342.0,342.0,342.0,25198.0,50.0,325.551559722306,331.9248136195732,6.819620069106918,7.764704324538986,-0.945084255432068,337.8,358.3154627178211,317.2845372821789,12.146514338556006,0.6023618150311469,0.0484,Transcorp Power Plc,2.30T,61.75633530748803,100.0,52.42,61.362167653744024,HOLD 🟡
2025-11-05 10:00:00,NSENG:TRANSPOWER,342.0,342.0,342.0,342.0,7522.0,50.0,326.1965965959411,332.0250642303237,6.447235802529121,7.501210620137013,-1.0539748176078918,339.2,356.43643631503033,321.96356368496964,10.162993110277327,0.5812232862067428,0.0484,Transcorp Power Plc,2.30T,61.75633530748803,100.0,52.42,61.362167653744024,HOLD 🟡
2025-11-06 10:00:00,NSENG:TRANSPOWER,342.0,342.0,342.0,342.0,12488.0,50.0,326.8163379059042,332.1243173225593,6.082008974839653,7.2173702910775415,-1.1353613162378888,340.6,353.1219806739985,328.07801932600154,7.352895287139451,0.5559016994374953,0.0484,Transcorp Power Plc,2.30T,61.75633530748803,100.0,52.42,61.362167653744024,HOLD 🟡
2025-11-12 10:00:00,NSENG:TRANSPOWER,307.8,307.8,307.8,307.8,125367.0,0.0,327.7204362703037,332.17125303449694,2.0072901468813598,5.441432072708306,-3.434141925826946,340.29,355.5847049660983,324.99529503390175,8.98921799999898,-0.562132289312421,0.0484,Transcorp Power Plc,2.30T,58.402117982280856,0.0,52.42,39.68505899114043,SELL 🔴
2025-11-13 10:00:00,NSENG:TRANSPOWER,307.8,307.8,307.8,307.8,785377.0,0.0,326.9392426910761,331.92875300430296,-0.401148307270887,4.2729159967124675,-4.6740643039833545,338.58000000000004,359.6330757847872,317.5269242152129,12.436101237395683,-0.23100957586068022,0.0484,Transcorp Power Plc,2.30T,46.05145396014771,0.0,52.42,33.50972698007386,SELL 🔴
2025-11-14 10:00:00,NSENG:TRANSPOWER,307.8,307.8,307.8,307.8,66518.0,0.0,326.1886841541712,331.6886659097328,-2.283530021409888,2.9616267930879965,-5.245156814497884,336.87,361.9281723196244,311.8118276803756,14.877057808427239,-0.08005028517649897,0.0484,Transcorp Power Plc,2.30T,43.81559173271257,0.0,52.42,32.39179586635629,SELL 🔴
2025-11-17 10:00:00,NSENG:TRANSPOWER,307.8,307.8,307.8,307.8,67290.0,0.0,325.46755928538016,331.45096774147675,-3.7323073755483165,1.6228399593607339,-5.35514733490905,335.15999999999997,363.23076771304966,307.0892322869503,16.75066697281877,0.012660282759550393,0.0484,Transcorp Power Plc,2.30T,43.81559173271257,0.0,52.42,32.39179586635629,SELL 🔴
2025-11-18 10:00:00,NSENG:TRANSPOWER,307.8,307.8,307.8,307.8,37136.0,0.0,324.7747138232084,331.21563472912374,-4.8248559307787104,0.333300781332845,-5.1581567121115555,333.45,363.8374974290413,303.06250257095866,18.22611931566432,0.0779514245966456,0.0484,Transcorp Power Plc,2.30T,38.53785867034283,0.0,52.42,29.752929335171416,SELL 🔴
2025-11-19 10:00:00,NSENG:TRANSPOWER,307.8,307.8,307.8,307.8,8258.0,0.0,324.1090387713179,330.9826433387842,-5.625857152901915,-0.858530805514107,-4.767326347387808,331.74,363.8991044651432,299.58089553485684,19.388137978623725,0.12778814276454362,0.0484,Transcorp Power Plc,2.30T,44.61540661681818,0.0,52.42,32.79170330840909,SELL 🔴
2025-11-20 10:00:00,NSENG:TRANSPOWER,307.8,307.8,307.8,307.8,3709.0,0.0,323.4694686234231,330.75197027073665,-6.18930988074311,-1.9246866205599076,-4.264623260183202,330.03000000000003,363.5022571691841,296.557742830816,20.284372432314665,0.16793395665491778,0.0484,Transcorp Power Plc,2.30T,44.61540661681818,0.0,52.42,32.79170330840909,SELL 🔴
2025-11-21 10:00:00,NSENG:TRANSPOWER,307.8,307.8,307.8,307.8,7525.0,0.0,322.85497965779865,330.5235924570975,-6.56022800220569,-2.8517948968890643,-3.708433105316626,328.32000000000005,362.69952879258227,293.94047120741783,20.942695414584684,0.20156659034216512,0.0484,Transcorp Power Plc,2.30T,44.61540661681818,0.0,52.42,32.79170330840909,SELL 🔴
2025-11-24 10:00:00,NSENG:TRANSPOWER,307.8,307.8,307.8,307.8,18596.0,0.0,322.2645882986693,330.2974870595144,-6.7760729349504345,-3.6366505045013384,-3.139422430449096,326.61,361.5225765305282,291.6974234694718,21.37875541503825,0.23061283541258856,0.0484,Transcorp Power Plc,2.30T,44.61540661681818,0.0,52.42,32.79170330840909,SELL 🔴
2025-11-25 10:00:00,NSENG:TRANSPOWER,307.8,307.8,307.8,307.8,4780.0,0.0,321.6973495418588,330.07363146688243,-6.867962008354937,-4.282912805272058,-2.585049203082878,324.9,359.9884596413121,289.81154035868786,21.599544254424202,0.2563301413797753,0.0484,Transcorp Power Plc,2.30T,44.61540661681818,0.0,52.42,32.79170330840909,SELL 🔴
2025-11-26 10:00:00,NSENG:TRANSPOWER,307.8,307.8,307.8,307.8,92375.0,0.0,321.1523554421781,329.85200329308265,-6.86168749881881,-4.798667743981409,-2.063019754837401,323.19,358.1025765305282,288.2774234694718,21.6049856310704,0.27959231988302724,0.0484,Transcorp Power Plc,2.30T,36.71571016256926,0.0,52.42,28.841855081284635,SELL 🔴
2025-11-27 10:00:00,NSENG:TRANSPOWER,277.1,307.0,277.1,307.0,1393123.0,0.0,320.59736111111226,329.6246201757385,-6.842393367429338,-5.207412868670995,-1.6349804987583427,321.44,355.8883381311783,286.9916618688217,21.433759414620628,0.2904107892663371,0.0484,Transcorp Power Plc,2.30T,36.88345481907652,0.0,52.42,28.92572740953826,SELL 🔴
2025-11-28 10:00:00,NSENG:TRANSPOWER,307.0,307.0,307.0,307.0,689672.0,0.0,320.0641312636177,329.39949957697496,-6.7493008899312485,-5.5157904729230465,-1.233510417008202,319.69,353.2861087972369,286.0938912027631,21.017929117105272,0.31113884234944983,0.0484,Transcorp Power Plc,2.30T,35.53005127261502,0.0,52.42,28.249025636307508,SELL 🔴
2025-12-01 10:00:00,NSENG:TRANSPOWER,307.0,307.0,307.0,307.0,12614.0,0.0,319.5518123905347,329.17661898416924,-6.599450078331017,-5.732522394004641,-0.8669276843263765,317.94,350.26521583759893,285.61478416240107,20.334161060325176,0.33078225904256475,0.0484,Transcorp Power Plc,2.30T,35.53005127261502,0.0,52.42,28.249025636307508,SELL 🔴
2025-12-02 10:00:00,NSENG:TRANSPOWER,307.0,307.0,307.0,307.0,180863.0,0.0,319.059584453651,328.95595610870487,-6.406838188007953,-5.867385552805303,-0.5394526352026494,316.19,346.77351120938744,285.60648879061256,19.345021164102242,0.3497556422301966,0.0484,Transcorp Power Plc,2.30T,37.96093614893133,0.0,52.42,29.46446807446567,SELL 🔴
2025-12-03 10:00:00,NSENG:TRANSPOWER,307.0,307.0,307.0,307.0,100567.0,0.0,318.58665957311564,328.7374888837426,-6.182919035327416,-5.930492249309726,-0.25242678601768986,314.44,342.7241521555426,286.1558478444574,17.990174377014746,0.3684775849195457,0.0484,Transcorp Power Plc,2.30T,41.34040038415609,0.0,52.42,31.15420019207805,SELL 🔴
2025-12-04 10:00:00,NSENG:TRANSPOWER,307.0,307.0,307.0,307.0,102332.0,0.0,318.1322807663268,328.52119546201385,-5.937023185958537,-5.931798436639489,-0.005224749319048705,312.69,337.96540098073285,287.41459901926714,16.16642743978564,0.38743996575291884,0.0484,Transcorp Power Plc,2.30T,38.84775122970474,0.0,52.42,29.907875614852372,SELL 🔴
2025-12-05 10:00:00,NSENG:TRANSPOWER,307.0,307.0,307.0,307.0,101094.0,0.0,317.6957207362748,328.30705421363564,-5.676711358835291,-5.88078102107865,0.20406966224335843,310.94,332.1981526156806,289.6818473843194,13.673475664553042,0.40732967085075533,0.0484,Transcorp Power Plc,2.30T,34.518217792535836,0.0,52.42,27.74310889626792,SELL 🔴
2025-12-08 10:00:00,NSENG:TRANSPOWER,307.0,307.0,307.0,307.0,196284.0,0.0,317.27628070740127,328.09504372394775,-5.408071478794739,-5.7862391126218675,0.3781676338271289,309.19,324.65553383631146,293.72446616368853,10.003902995770538,0.4291974003878836,0.0484,Transcorp Power Plc,2.30T,34.518217792535836,0.0,52.42,27.74310889626792,SELL 🔴
2025-12-09 10:00:00,NSENG:TRANSPOWER,307.0,307.0,307.0,307.0,695655.0,0.0,316.873289307111,327.88514279137115,-5.135968194104294,-5.656184928918353,0.520216734814059,307.44,308.2566684568484,306.6233315431516,0.5312701384649949,0.23061283541058744,0.0484,Transcorp Power Plc,2.30T,34.518217792535836,0.0,52.42,27.74310889626792,SELL 🔴
2025-12-10 10:00:00,NSENG:TRANSPOWER,307.0,307.0,307.0,307.0,237762.0,0.0,316.48610149114586,327.6773304252879,-4.864252307875574,-5.497798404709798,0.6335460968342232,307.4,308.22078268166206,306.5792173183379,0.5340160583357716,0.2563301413779959,0.0484,Transcorp Power Plc,2.30T,34.518217792535836,0.0,52.42,27.74310889626792,SELL 🔴
2025-12-11 10:00:00,NSENG:TRANSPOWER,307.0,307.0,307.0,307.0,363973.0,0.0,316.1140975111009,327.47158584394174,-4.59593641629607,-5.317426007027052,0.7214895907309824,307.36,308.1766684568484,306.5433315431516,0.53140841804294,0.2795923198813802,0.0484,Transcorp Power Plc,2.30T,34.518217792535836,0.0,52.42,27.74310889626792,SELL 🔴
2025-12-12 10:00:00,NSENG:TRANSPOWER,276.3,307.0,276.3,307.0,42797257.0,0.0,315.7566819224303,327.26788847236026,-4.333342069146397,-5.120609219450921,0.7872671503045243,307.32,308.1241995039139,306.51580049608606,0.5233629467095764,0.30104439355993473,0.0484,Transcorp Power Plc,2.30T,34.518217792535836,0.0,52.42,27.74310889626792,SELL 🔴
2025-12-15 10:00:00,NSENG:TRANSPOWER,307.0,307.0,307.0,307.0,443391.0,0.0,315.4132826313546,327.066217940297,-4.078222941674198,-4.912131963895577,0.8339090222213787,307.28000000000003,308.0629767758811,306.49702322411895,0.5096177921642031,0.3211952074281218,0.0484,Transcorp Power Plc,2.30T,34.518217792535836,0.0,52.42,27.74310889626792,SELL 🔴
2025-12-16 10:00:00,NSENG:TRANSPOWER,307.0,307.0,307.0,307.0,776187.0,0.0,315.08334997914466,326.8665540801946,-3.831867808279412,-4.696079132772344,0.8642113244929321,307.24,307.9922597535641,306.4877402464359,0.48968868217946215,0.34048063261198913,0.0484,Transcorp Power Plc,2.30T,34.518217792535836,0.0,52.42,27.74310889626792,SELL 🔴
2025-12-17 10:00:00,NSENG:TRANSPOWER,307.0,307.0,307.0,307.0,17571.0,50.0,314.76635586231544,326.6688769251678,-3.5951865179185347,-4.475900609801583,0.8807140918830481,307.2,307.91081865330403,306.48918134669594,0.46277256074482115,0.35931714153086475,0.0484,Transcorp Power Plc,2.30T,39.048404789083555,100.0,52.42,50.008202394541776,HOLD 🟡
2025-12-18 10:00:00,NSENG:TRANSPOWER,307.0,307.0,307.0,307.0,321021.0,50.0,314.4617928873227,326.47316670700695,-3.36878167198995,-4.254476822239257,0.8856951502493065,307.15999999999997,307.816626145327,306.50337385467293,0.42754665016736465,0.378165070688528,0.0484,Transcorp Power Plc,2.30T,39.048404789083555,100.0,52.42,50.008202394541776,HOLD 🟡
2025-12-19 10:00:00,NSENG:TRANSPOWER,307.0,307.0,307.0,307.0,117464.0,50.0,314.1691735584081,326.27940385420095,-3.1530082836186466,-4.034183114515135,0.8811748308964882,307.12,307.7061560776437,306.5338439223563,0.38171143373514793,0.3976381849673928,0.0484,Transcorp Power Plc,2.30T,39.048404789083555,100.0,52.42,50.008202394541776,HOLD 🟡
2025-12-22 10:00:00,NSENG:TRANSPOWER,307.0,307.0,307.0,307.0,109692.0,50.0,313.88802949729404,326.08756898998007,-2.948023340779457,-3.8169511597679993,0.8689278189885421,307.08000000000004,307.572469608991,306.58753039100907,0.32074352545979745,0.4187767137915841,0.0484,Transcorp Power Plc,2.30T,39.048404789083555,100.0,52.42,50.008202394541776,HOLD 🟡
2025-12-23 10:00:00,NSENG:TRANSPOWER,307.0,307.0,307.0,307.0,294205.0,50.0,313.6179106934786,325.8976429303783,-2.7538268945004916,-3.6043263067144977,0.8504994122140062,307.04,307.3977708763864,306.68222912361364,0.23304512531682028,0.4440983005603542,0.0484,Transcorp Power Plc,2.30T,39.048404789083555,100.0,52.42,50.008202394541776,HOLD 🟡
2026-02-04 10:00:00,NSENG:TRANSPOWER,277.0,306.9,277.0,306.9,941116.0,0.0,309.1550464658961,321.2815029273731,-0.35452243659517535,-0.5062100172735022,0.15168758067832688,306.995,307.0397213594418,306.9502786405582,0.029134910628368767,-0.562132291882822,0.0484,Transcorp Power Plc,2.30T,39.648025084745086,0.0,52.42,30.308012542372545,SELL 🔴
2026-02-05 10:00:00,NSENG:TRANSPOWER,306.9,306.9,306.9,306.9,50740.0,0.0,309.06661327115506,321.13840339575745,-0.33520174746684006,-0.47200836331216983,0.13680661584532977,306.99,307.0515587010466,306.92844129895343,0.04010469464580526,-0.23100957679348,0.0484,Transcorp Power Plc,2.30T,39.648025084745086,0.0,52.42,30.308012542372545,SELL 🔴
2026-02-06 10:00:00,NSENG:TRANSPOWER,306.9,306.9,306.9,306.9,163806.0,0.0,308.98164804483525,320.9967277400783,-0.3162444924805641,-0.4408555891458487,0.12461109666528464,306.985,307.0582695096406,306.91173049035945,0.047734911895087884,-0.08005028569874365,0.0484,Transcorp Power Plc,2.30T,41.181711550892125,0.0,52.42,31.074855775446068,SELL 🔴
2026-02-09 10:00:00,NSENG:TRANSPOWER,306.9,306.9,306.9,306.9,1317988.0,0.0,308.90001478817504,320.85646179241587,-0.2977880164374369,-0.4122420746041664,0.11445405816672949,306.98,307.062078268108,306.89792173189204,0.05347466812689927,0.012660282409971838,0.0484,Transcorp Power Plc,2.30T,41.181711550892125,0.0,52.42,31.074855775446068,SELL 🔴
2026-02-10 10:00:00,NSENG:TRANSPOWER,306.9,306.9,306.9,306.9,4411725.0,0.0,308.8215828356976,320.7175915258247,-0.2799342187804541,-0.38578050343942394,0.10584628465896984,306.975,307.06385233160955,306.8861476683905,0.05788896920565532,0.07795142433830599,0.0484,Transcorp Power Plc,2.30T,40.45459521867512,0.0,52.42,30.711297609337564,SELL 🔴
2026-02-11 10:00:00,NSENG:TRANSPOWER,306.9,306.9,306.9,306.9,219794.0,0.0,308.7462266460624,320.5801030529309,-0.2627560671257356,-0.3611756161766863,0.09841954905095068,306.96999999999997,307.064032469145,306.87596753085495,0.06126492435418449,0.1277881425614975,0.0484,Transcorp Power Plc,2.30T,42.505497599163824,0.0,52.42,31.736748799581918,SELL 🔴
2026-02-12 10:00:00,NSENG:TRANSPOWER,306.9,306.9,306.9,306.9,207853.0,0.0,308.6738256011188,320.44398262454354,-0.2463030301640856,-0.33820109897416617,0.09189806881008056,306.96500000000003,307.0628720969367,306.86712790306336,0.06376759365834482,0.16793395648754386,0.0484,Transcorp Power Plc,2.30T,41.29819358926658,0.0,52.42,31.13309679463329,SELL 🔴
2026-02-13 10:00:00,NSENG:TRANSPOWER,306.9,306.9,306.9,306.9,292502.0,0.0,308.60426381283963,320.30921662827944,-0.2306056020013898,-0.3166819995796109,0.08607639757822111,306.96,307.0605249379421,306.85947506205787,0.06549709274310112,0.2015665901999664,0.0484,Transcorp Power Plc,2.30T,44.05262860035298,0.0,52.42,32.51031430017649,SELL 🔴
2026-02-16 10:00:00,NSENG:TRANSPOWER,306.9,306.9,306.9,306.9,23952.0,0.0,308.53742993782635,320.17579158720207,-0.2156790631046306,-0.29648141228461483,0.08080234917998425,306.95500000000004,307.0570835570597,306.8529164429404,0.06651369553168589,0.23061283528781512,0.0484,Transcorp Power Plc,2.30T,42.53917705225493,0.0,52.42,31.753588526127466,SELL 🔴
2026-02-17 10:00:00,NSENG:TRANSPOWER,306.9,306.9,306.9,306.9,112500.0,0.0,308.47321699908804,320.0436941584737,-0.20152660028691116,-0.2774904498850741,0.07596384959816294,306.95,307.05259783516163,306.84740216483834,0.06684986816201069,0.25633014126840536,0.0484,Transcorp Power Plc,2.30T,41.40948616683543,0.0,52.42,31.18874308341772,SELL 🔴
2026-02-18 10:00:00,NSENG:TRANSPOWER,306.9,306.9,306.9,306.9,103032.0,0.0,308.4115222148101,319.9129111320213,-0.18814188895919415,-0.25962073769989813,0.07147884874070398,306.945,307.04708355705975,306.84291644294024,0.06651586248986426,0.2795923197813623,0.0484,Transcorp Power Plc,2.30T,41.40948616683543,0.0,52.42,31.18874308341772,SELL 🔴
2026-02-19 10:00:00,NSENG:TRANSPOWER,306.9,306.9,306.9,306.9,1529942.0,0.0,308.3522468338371,319.7834294292151,-0.17551122465448543,-0.2427988350908156,0.06728761043633016,306.94,307.0405249379422,306.8394750620578,0.06550136048884164,0.30104439346677503,0.0484,Transcorp Power Plc,2.30T,31.211131737668964,0.0,52.42,26.089565868834484,SELL 🔴
2026-02-20 10:00:00,NSENG:TRANSPOWER,306.9,306.9,306.9,306.9,1448448.0,0.0,308.2952959776082,319.65523610156123,-0.16361527712621182,-0.22696212349789485,0.06334684637168303,306.935,307.03287209693684,306.83712790306316,0.06377382633902268,0.3211952073397806,0.0484,Transcorp Power Plc,2.30T,31.211131737668964,0.0,52.42,26.089565868834484,SELL 🔴
2026-02-23 10:00:00,NSENG:TRANSPOWER,306.9,306.9,306.9,306.9,1145294.0,0.0,308.2405784882902,319.52831832940643,-0.15243052875359808,-0.2120558045490355,0.059625275795437416,306.92999999999995,307.02403246914525,306.83596753085465,0.06127290857544345,0.34048063252696775,0.0484,Transcorp Power Plc,2.30T,35.40041053522329,0.0,52.42,28.184205267611645,SELL 🔴
2026-02-24 10:00:00,NSENG:TRANSPOWER,306.9,306.9,306.9,306.9,77964.0,50.0,308.1880067828671,319.40266342065615,-0.14193044921665887,-0.19803073348256017,0.0561002842659013,306.925,307.0138523316099,306.83614766839014,0.05789839968061987,0.35931714144653537,0.0484,Transcorp Power Plc,2.30T,44.48891261148942,100.0,52.42,52.72845630574471,HOLD 🟡
2026-02-25 10:00:00,NSENG:TRANSPOWER,306.9,306.9,306.9,306.9,4121877.0,50.0,308.13749671295074,319.27825880950536,-0.13208645015816955,-0.18484187681768205,0.052755426659512494,306.91999999999996,307.0020782681084,306.8379217318915,0.05348512192651665,0.3781650706033411,0.0484,Transcorp Power Plc,2.30T,41.73420891848114,100.0,52.42,51.35110445924057,HOLD 🟡
2026-02-26 10:00:00,NSENG:TRANSPOWER,306.9,306.9,306.9,306.9,37224.0,50.0,308.08896743008995,319.1550920551819,-0.1228686565920043,-0.1724472327725465,0.049578576180542205,306.91499999999996,306.9882695096411,306.8417304903588,0.047745799091693936,0.39763818487762337,0.0484,Transcorp Power Plc,2.30T,41.73420891848114,100.0,52.42,51.35110445924057,HOLD 🟡
2026-02-27 10:00:00,NSENG:TRANSPOWER,306.9,306.9,306.9,306.9,5029705.0,50.0,308.04234125636094,319.0331508407025,-0.11424652594513418,-0.16080709140706403,0.046560565461929854,306.90999999999997,306.97155870104734,306.8484412989526,0.04011514844571673,0.41877671369076597,0.0484,Transcorp Power Plc,2.30T,41.73420891848114,100.0,52.42,51.35110445924057,HOLD 🟡
2026-03-02 10:00:00,NSENG:TRANSPOWER,306.9,306.9,306.9,306.9,26363.0,50.0,307.9975435600331,318.9124229716408,-0.10618934066968677,-0.14988354125958858,0.04369420058990181,306.905,306.949721359443,306.86027864055694,0.029143454452049276,0.44409830042885,0.0484,Transcorp Power Plc,2.30T,49.619081104480316,100.0,52.42,55.29354055224016,HOLD 🟡
