date,symbol,open,high,low,close,volume,RSI,EMA_50,EMA_200,MACD_12_26_9,MACDs_12_26_9,MACDh_12_26_9,BBM_20_2.0_2.0,BBU_20_2.0_2.0,BBL_20_2.0_2.0,BBB_20_2.0_2.0,BBP_20_2.0_2.0,avg_sentiment,AI_Score,Stability_Score,Sentiment_Rescaled,Safety_Index,Recommendation
2025-04-04 10:00:00,NSENG:WEMABANK,11.0,11.2,10.9,11.0,5947621.0,51.02040816326532,10.938493528538373,10.979571173328619,-0.002556037966581215,-0.02398607700508984,0.021430039038508625,10.8875,11.302831193145902,10.472168806854096,7.629505270188804,0.6354340847214914,0.2797,80.69043538186212,97.95918367346935,63.985,72.52997279297186,BUY 🟢
2025-04-07 10:00:00,NSENG:WEMABANK,10.85,11.0,10.85,11.0,2985825.0,51.02040816326532,10.940905547027064,10.979774445235797,0.004576928189841567,-0.01827347596610356,0.022850404155945126,10.8875,11.302831193145902,10.472168806854096,7.629505270188804,0.6354340847214914,0.2797,76.31323518322009,97.95918367346935,63.985,70.34137269365084,BUY 🟢
2025-04-08 10:00:00,NSENG:WEMABANK,10.45,10.8,10.45,10.8,5968117.0,51.02040816326532,10.935379839300513,10.97798564478569,-0.005841140242473841,-0.015787008821377617,0.009945868578903776,10.8725,11.277046529755037,10.467953470244964,7.441646902828901,0.4103934965850523,0.2797,80.7592665915705,97.95918367346935,63.985,72.56438839782605,BUY 🟢
2025-04-09 10:00:00,NSENG:WEMABANK,10.9,10.9,10.6,10.8,11553774.0,62.50000000000001,10.93007082599461,10.976214643345036,-0.013936878869017733,-0.01541698283090564,0.0014801039618879078,10.8625,11.263649663631393,10.461350336368609,7.385954681360493,0.4220989001533478,0.2797,47.75965476878589,74.99999999999999,63.985,49.176827384392936,HOLD 🟡
2025-04-10 10:00:00,NSENG:WEMABANK,10.75,10.95,10.75,10.95,3685045.0,60.52631578947366,10.930852362230116,10.975953801122698,-0.008155057236036711,-0.013964597711931856,0.005809540475895145,10.8625,11.263649663631393,10.461350336368609,7.385954681360493,0.6090615397853113,0.2797,70.14445852341296,78.94736842105269,63.985,61.55343978802229,HOLD 🟡
2025-04-11 10:00:00,NSENG:WEMABANK,11.0,11.0,10.7,11.0,7011168.0,55.88235294117645,10.933564034299524,10.97619306678317,0.00045639911158268376,-0.011080398347228949,0.011536797458811632,10.865,11.26905835951597,10.46094164048403,7.437797690123698,0.6670550761054902,0.2797,74.72857679883525,88.2352941176471,63.985,66.63187663471176,BUY 🟢
2025-04-14 10:00:00,NSENG:WEMABANK,11.0,11.5,11.0,11.5,3749196.0,67.44186046511629,10.955777209425033,10.98140507606891,0.04708410537696395,0.0005525023976096303,0.04653160297935432,10.892500000000002,11.385903859349574,10.39909614065043,9.059515434465396,1.1156214513611966,0.2797,58.26103675559461,65.11627906976742,63.985,51.46240209872752,HOLD 🟡
2025-04-15 10:00:00,NSENG:WEMABANK,11.9,12.0,11.5,11.95,6404639.0,72.00000000000001,10.994766338467189,10.991042836506036,0.11897664897090188,0.024237331712268082,0.0947393172586338,10.942499999999999,11.62635517087819,10.258644829121808,12.499066408557297,1.2366325816518957,0.2797,62.236827247556825,55.99999999999997,63.985,50.7154136237784,HOLD 🟡
2025-04-16 10:00:00,NSENG:WEMABANK,11.95,11.95,11.95,11.95,1356127.0,67.44186046511629,11.03222648205671,11.00058469882936,0.17394685664169707,0.05417923669815389,0.11976761994354318,11.0025,11.813915267814268,10.19108473218573,14.749652675560442,1.0838564034864084,0.2797,62.64440871624429,65.11627906976742,63.985,68.65408807905237,BUY 🟢
2025-04-17 10:00:00,NSENG:WEMABANK,11.5,11.95,11.5,11.95,9938052.0,69.04761904761902,11.068217600407428,11.01003161724897,0.21503238280380899,0.08634986591928491,0.1286825168845241,11.085,11.930483355994165,10.239516644005837,15.254548597098125,1.011541707987194,0.2797,50.481153059219565,61.904761904761955,63.985,61.60900510103836,HOLD 🟡
2025-04-22 10:00:00,NSENG:WEMABANK,11.5,12.0,11.5,12.0,8480733.0,78.94736842105262,11.10475808666596,11.019882048918134,0.24875999010684602,0.11883189075679713,0.1299280993500489,11.1575,12.05678334039711,10.25821665960289,16.119799962305358,0.9684285598062808,0.2797,43.932211026742266,42.10526315789477,63.985,37.39468446073957,SELL 🔴
2025-04-23 10:00:00,NSENG:WEMABANK,12.0,12.0,12.0,12.0,789343.0,88.2352941176471,11.13986561267906,11.029634466341834,0.2723498819812278,0.14953548900168329,0.1228143929795445,11.2175,12.174620132150826,10.260379867849172,17.064767232464042,0.9087783621485307,0.2797,41.72467898299843,23.5294117647058,63.985,30.71816302091095,SELL 🔴
2025-04-24 10:00:00,NSENG:WEMABANK,11.9,12.0,11.9,12.0,3406848.0,86.6666666666667,11.173596372966156,11.039289844786195,0.28772828864085653,0.17717404892951794,0.1105542397113386,11.28,12.271224654550858,10.28877534544914,17.57490522253296,0.8631870921966954,0.2797,42.03685768015809,26.6666666666666,63.985,31.815428840079022,SELL 🔴
2025-04-25 10:00:00,NSENG:WEMABANK,11.8,12.35,11.8,12.35,3787746.0,88.5714285714286,11.21972984853611,11.052331736877875,0.32441817091103964,0.20662287332582227,0.11779529758521737,11.355,12.432472676415067,10.277527323584934,18.977942341084393,0.9617286460156615,0.2797,46.34262683398461,22.857142857142804,63.985,32.82545627413515,SELL 🔴
2025-04-28 10:00:00,NSENG:WEMABANK,12.4,13.0,12.05,13.0,8379219.0,91.66666666666669,11.289544364279791,11.071711520590533,0.4013185838473827,0.24556201543013437,0.15575656841724836,11.445,12.745566678110169,10.144433321889831,22.727246450155857,1.0978163312086173,0.2797,48.39298012823722,16.66666666666663,63.985,31.993490064118603,SELL 🔴
2025-04-29 10:00:00,NSENG:WEMABANK,13.0,14.0,13.0,13.75,10441572.0,93.65079365079367,11.386032820582544,11.098361157201573,0.5168238237964005,0.2998143771033876,0.21700944669301286,11.575,13.224401805440221,9.925598194559777,28.499383247347254,1.1593299439912694,0.2797,49.43560112100018,12.698412698412653,63.985,31.324324370023888,SELL 🔴
2025-04-30 10:00:00,NSENG:WEMABANK,14.75,15.1,14.75,15.1,26616076.0,100.0,11.531678592324406,11.138178459119967,0.709121959667609,0.3816758936162319,0.32744606605137716,11.785,14.03329760157839,9.53670239842161,38.155241435356636,1.2372244665636667,0.2797,27.611213419197984,0.0,63.985,16.602606709598994,SELL 🔴
2025-05-02 10:00:00,NSENG:WEMABANK,15.0,15.0,13.05,13.3,8500681.0,70.49180327868854,11.601024529880313,11.159689121218276,0.7081119868069585,0.44696311225437724,0.2611488745525813,11.915000000000001,14.199524596404892,9.63047540359511,38.34703476970022,0.8031265240434586,0.2797,28.686834745437267,59.01639344262293,63.985,34.84533540550551,SELL 🔴
2025-05-05 10:00:00,NSENG:WEMABANK,12.85,13.3,12.8,13.3,4965183.0,69.74789915966387,11.667651018904614,11.180985746877797,0.6992510452573679,0.49742069885497536,0.20183034640239256,12.035,14.347005281363478,9.722994718636523,38.42135905880312,0.7735720394319303,0.2797,32.2865831390258,60.50420168067225,63.985,52.09155207371458,HOLD 🟡
2025-05-06 10:00:00,NSENG:WEMABANK,13.0,13.55,12.9,13.55,2348877.0,70.73170731707317,11.741468626006395,11.204558028003392,0.7042830591970635,0.538793170923393,0.1654898882736705,12.1625,14.515074178035173,9.809925821964827,38.68570076933481,0.7948897452319262,0.2797,29.48810148503394,58.536585365853654,63.985,35.10202635227307,SELL 🔴
2025-05-07 10:00:00,NSENG:WEMABANK,13.9,13.9,13.9,13.9,4182808.0,70.0,11.826116915182615,11.231378346132711,0.7281197304125264,0.5766584828212197,0.15146124759130675,12.307500000000001,14.715223318603561,9.89977668139644,39.12611527285899,0.8307066031415152,0.2797,29.209958656848627,60.0,63.985,50.40197932842432,HOLD 🟡
2025-05-08 10:00:00,NSENG:WEMABANK,13.8,13.95,13.8,13.95,5119337.0,67.85714285714286,11.909406447920551,11.258429307862734,0.742486128311679,0.6098240119193116,0.13266211639236747,12.455,14.886785135937876,10.023214864062124,39.049139075678454,0.8073873546445988,0.2797,34.57783703039017,64.28571428571428,63.985,54.37163280090937,HOLD 🟡
2025-05-09 10:00:00,NSENG:WEMABANK,13.95,13.95,13.95,13.95,2342297.0,67.85714285714286,11.989429724472686,11.285211105794449,0.7452804727818219,0.6369153040918136,0.10836516869000823,12.6125,15.000600985257837,10.224399014742165,37.86879659477242,0.7800342213869136,0.2797,34.57783703039017,64.28571428571428,63.985,54.37163280090937,HOLD 🟡
2025-05-12 10:00:00,NSENG:WEMABANK,13.9,13.95,13.8,13.95,4436133.0,67.85714285714286,12.066314833316895,11.311726418174604,0.7389765492438212,0.6573275531222151,0.08164899612160603,12.77,15.068603695152426,10.471396304847573,36.00005787239509,0.756677565273328,0.2797,34.57783703039017,64.28571428571428,63.985,54.37163280090937,HOLD 🟡
2025-05-13 10:00:00,NSENG:WEMABANK,13.85,14.5,13.85,14.5,11152374.0,70.49180327868854,12.161753467304468,11.343450533416648,0.7694908365089912,0.6797602097995704,0.08973062670942078,12.9475,15.20219685207054,10.69280314792946,34.82829661433542,0.8442813162608321,0.2797,29.209958656848627,59.01639344262293,63.985,35.106897361211196,SELL 🔴
2025-05-14 10:00:00,NSENG:WEMABANK,14.45,14.5,14.15,14.45,6533841.0,69.91869918699187,12.251488625449392,11.374361473382653,0.7806403113006883,0.699936230099794,0.08070408120089434,13.12,15.27294168400744,10.967058315992558,32.81923298791831,0.8088797086051038,0.2797,29.209958656848627,60.162601626016254,63.985,50.450759816229194,HOLD 🟡
2025-05-15 10:00:00,NSENG:WEMABANK,14.5,14.55,14.0,14.05,2896181.0,65.64885496183207,12.322018483274906,11.40098474230422,0.7485706370058569,0.7096631114810066,0.03890752552485033,13.247499999999999,15.295984677434557,11.19901532256544,30.926358594973518,0.6958764956458013,0.2797,40.46867246313835,68.70229007633586,63.985,58.64202325446993,HOLD 🟡
2025-05-16 10:00:00,NSENG:WEMABANK,14.0,14.1,13.6,14.0,16014077.0,63.20000000000001,12.387821680009225,11.426845590639502,0.7109255003132589,0.7099155892474571,0.0010099110658017274,13.35,15.32910133779529,11.37089866220471,29.6494582441242,0.6642159468004042,0.2797,43.635352301342216,73.59999999999998,63.985,61.6946761506711,HOLD 🟡
2025-05-19 10:00:00,NSENG:WEMABANK,13.8,13.9,13.15,13.5,13919473.0,54.09836065573771,12.431436516087295,11.447473992722692,0.6334436923596485,0.6946212098698954,-0.061177517510246915,13.4275,15.293955971818459,11.561044028181541,27.800498556223552,0.5194218350431712,0.2797,70.18634953465592,91.80327868852459,63.985,80.43115837388534,STRONG BUY 🟢
2025-05-20 10:00:00,NSENG:WEMABANK,13.5,13.5,13.05,13.05,12352240.0,43.965517241379324,12.455693907613284,11.463419525133412,0.5296224047337734,0.661621448842671,-0.13199904410889762,13.482500000000002,15.226444410026625,11.738555589973378,25.86974834083624,0.37599948785254045,0.2797,83.95713819847897,87.93103448275865,63.985,86.15487944406708,STRONG BUY 🟢
2025-05-21 10:00:00,NSENG:WEMABANK,13.1,13.5,13.1,13.4,3700283.0,32.29166666666667,12.49272551907943,11.482688982594771,0.47016558502992645,0.6233302760801221,-0.1531646910501957,13.5525,15.152327293310437,11.952672706689563,23.60933102099888,0.4523386053489437,0.2797,89.43120638274824,64.58333333333334,63.985,81.88760319137413,STRONG BUY 🟢
2025-05-22 10:00:00,NSENG:WEMABANK,13.1,13.2,13.1,13.2,4664799.0,48.43749999999998,12.520461773233178,11.499776654409748,0.4022701783100455,0.5791182565261068,-0.1768480782160613,13.6125,15.048823889583899,12.176176110416103,21.10301398837683,0.3564042542940985,0.2797,86.01397403584674,96.87499999999996,63.985,89.86648701792336,STRONG BUY 🟢
2025-05-23 10:00:00,NSENG:WEMABANK,13.2,13.4,13.15,13.4,4361836.0,51.470588235294116,12.554953468400505,11.518684349390746,0.3604459117538994,0.5353837875716654,-0.174937875817766,13.682500000000001,14.909080612923564,12.455919387076438,17.929188568223097,0.38484246488836144,0.2797,87.79568016114823,97.05882352941177,63.985,90.81248713939763,STRONG BUY 🟢
2025-05-26 10:00:00,NSENG:WEMABANK,13.45,13.5,13.45,13.5,2925035.0,49.23076923076922,12.592014116698525,11.538398932978899,0.3315471740047382,0.49461646485828,-0.16306929085354177,13.74,14.800089370611815,12.679910629388186,15.43070408459701,0.3868019967686838,0.2797,84.96345633291502,98.46153846153844,63.985,89.81718970491903,STRONG BUY 🟢
2025-05-27 10:00:00,NSENG:WEMABANK,13.0,13.3,13.0,13.3,3051391.0,40.322580645161295,12.619778268984858,11.55592730180498,0.289172981477563,0.4535277681821366,-0.1643547867045736,13.755,14.778872936195516,12.731127063804486,14.887283696045289,0.27780445995052894,0.2797,89.5814455478839,80.64516129032259,63.985,86.78127116103872,STRONG BUY 🟢
2025-05-28 10:00:00,NSENG:WEMABANK,13.0,13.75,12.8,12.8,5784089.0,33.80281690140846,12.626845787848197,11.56830613462284,0.21279236930980439,0.40538068840767016,-0.19258831909786578,13.7075,14.816921375976516,12.598078624023483,16.187070960810022,0.09100301307913145,0.2797,89.55343258806106,67.60563380281693,63.985,82.8554064348756,STRONG BUY 🟢
2025-05-29 10:00:00,NSENG:WEMABANK,13.3,13.3,13.3,13.3,3351718.0,41.97530864197533,12.653243992246306,11.585536919352963,0.1904110649697106,0.3623867637200783,-0.17197569875036767,13.617499999999998,14.524940008166375,12.71005999183362,13.327556573032895,0.32505730563855395,0.2797,89.11842195416455,83.95061728395066,63.985,87.54139616226746,STRONG BUY 🟢
2025-05-30 10:00:00,NSENG:WEMABANK,13.05,13.3,13.05,13.3,3252952.0,41.97530864197533,12.67860697294253,11.602596253488755,0.1707059283503245,0.32405059664612756,-0.15334466829580307,13.617500000000001,14.524940008166379,12.710059991833624,13.327556573032892,0.325057305638552,0.2797,89.79502123525171,83.95061728395066,63.985,87.87969580281106,STRONG BUY 🟢
2025-06-02 10:00:00,NSENG:WEMABANK,13.3,13.3,13.3,13.3,649217.0,32.85714285714286,12.702975326944784,11.61948584300628,0.1533220642941071,0.28990489017572346,-0.13658282588161635,13.617500000000001,14.524940008166379,12.710059991833624,13.327556573032892,0.325057305638552,0.2797,89.82477638744345,65.71428571428572,63.985,82.42367390800743,STRONG BUY 🟢
2025-06-03 10:00:00,NSENG:WEMABANK,13.0,13.35,13.0,13.35,2085658.0,34.28571428571429,12.728348843535185,11.636704889344527,0.14194357177947303,0.2603126264964734,-0.11836905471700038,13.607499999999998,14.522448948820266,12.69255105117973,13.447715580676359,0.35928176630400077,0.2797,86.48430587901466,68.57142857142858,63.985,81.6105815109359,STRONG BUY 🟢
2025-06-04 10:00:00,NSENG:WEMABANK,13.45,13.45,13.45,13.45,668712.0,40.62499999999998,12.756648888886748,11.654747626763985,0.13938841585741457,0.23612778436866166,-0.09673936851124709,13.585000000000003,14.491758251308328,12.678241748691677,13.349403773401914,0.4255589900586969,0.2797,85.53610345113178,81.24999999999996,63.985,84.94005172556587,STRONG BUY 🟢
2025-06-05 10:00:00,NSENG:WEMABANK,13.3,14.0,13.3,14.0,4900103.0,50.0,12.80540775598923,11.678083471273796,0.17967268496853883,0.2248367644886371,-0.045164079520098266,13.5875,14.498759972149578,12.676240027850422,13.413210261631322,0.726334971691421,0.2797,86.22788206870841,100.0,63.985,90.91094103435421,STRONG BUY 🟢
2025-06-11 10:00:00,NSENG:WEMABANK,13.85,13.95,13.85,13.95,2164790.0,56.92307692307692,12.850293726342594,11.700689605887987,0.20519827831806836,0.22090906725452336,-0.015710788936455,13.5875,14.498759972149578,12.676240027850422,13.413210261631322,0.6989004296682181,0.2797,76.379009262635,86.15384615384616,63.985,81.83265847747134,STRONG BUY 🟢
2025-06-13 10:00:00,NSENG:WEMABANK,13.9,14.4,13.85,13.9,12600685.0,64.91228070175438,12.891458678250729,11.72257329140154,0.21886991665951783,0.22050123713552228,-0.0016313204760044497,13.584999999999999,14.492338502376416,12.677661497623582,13.357946299247953,0.6735846099195517,0.2797,58.45726307770356,70.17543859649123,63.985,68.07826311779915,BUY 🟢
2025-06-16 10:00:00,NSENG:WEMABANK,13.0,13.8,12.6,13.8,12574137.0,57.6923076923077,12.927087749691877,11.743244203924908,0.2191098621787777,0.22022296214417336,-0.0011130999653956586,13.55,14.357204402470877,12.742795597529124,11.91445612503139,0.6548554487777462,0.2797,82.00346318314803,84.6153846153846,63.985,84.1833469761894,STRONG BUY 🟢
2025-06-17 10:00:00,NSENG:WEMABANK,13.05,14.0,13.05,13.9,6892958.0,64.00000000000003,12.965241171272588,11.764704460602273,0.22477808317331238,0.22113398635000117,0.0036440968233112103,13.522499999999999,14.23218858997224,12.812811410027757,10.496411018262032,0.7659617227429052,0.2797,58.45726307770356,71.99999999999994,63.985,68.62563153885176,BUY 🟢
2025-06-18 10:00:00,NSENG:WEMABANK,13.95,13.95,13.55,13.9,5133072.0,60.86956521739131,13.001898380242292,11.785951182387326,0.22665742346050166,0.22223867377210127,0.004418749688400392,13.515,14.204087879201996,12.825912120798005,10.197378900510476,0.779354790310528,0.2797,80.28913504936986,78.26086956521738,63.985,81.41982839425015,STRONG BUY 🟢
2025-06-19 10:00:00,NSENG:WEMABANK,14.0,14.0,14.0,14.0,1116517.0,60.86956521739131,13.041039620232791,11.807981518880984,0.23352405846088686,0.22449575070985842,0.009028307751028447,13.515,14.204087879201996,12.825912120798005,10.197378900510476,0.8519144761054701,0.2797,80.28913504936986,78.26086956521738,63.985,81.41982839425015,STRONG BUY 🟢
2025-06-20 10:00:00,NSENG:WEMABANK,14.0,14.0,13.95,14.0,2823624.0,66.66666666666666,13.078645909635426,11.829792648046348,0.23624265786619425,0.2268451321411256,0.009397525725068662,13.540000000000001,14.262277100928904,12.817722899071098,10.668790264828694,0.8184373417130382,0.2797,58.45726307770356,66.66666666666669,63.985,67.02563153885178,BUY 🟢
2025-06-23 10:00:00,NSENG:WEMABANK,13.95,14.5,13.95,14.5,6860416.0,90.4761904761905,13.134385285728156,11.856361875428972,0.2755664305299952,0.2365893918188995,0.038977038711095674,13.6125,14.414389216656152,12.810610783343849,11.781659748850712,1.0533806800026826,0.2797,54.77372887901911,19.04761904761901,63.985,35.89815015379526,SELL 🔴
2025-06-24 10:00:00,NSENG:WEMABANK,14.05,14.85,13.9,14.85,5549557.0,89.74358974358977,13.201664294130973,11.886149319454555,0.33115552386454006,0.2555026182280276,0.07565290563651245,13.684999999999999,14.651327829302328,12.718672170697669,14.122438133757104,1.102797500327145,0.2797,47.678766570106426,20.51282051282047,63.985,32.79022943889935,SELL 🔴
2025-06-25 10:00:00,NSENG:WEMABANK,14.9,15.35,14.9,15.15,3389720.0,91.11111111111114,13.278069615929759,11.918625445629138,0.394866004125344,0.2833752954074909,0.1114907087178531,13.782500000000002,14.920954631229705,12.6440453687703,16.52029212740363,1.100594860123188,0.2797,47.678766570106426,17.777777777777715,63.985,31.969716618386528,SELL 🔴
2025-06-26 10:00:00,NSENG:WEMABANK,15.25,15.25,15.0,15.0,2211223.0,85.41666666666667,13.345596297658004,11.949285888956211,0.42831591311457196,0.3123634189489071,0.11595249416566483,13.8625,15.107648479837662,12.61735152016234,17.96427022308619,0.9567728340913619,0.2797,47.678766570106426,29.166666666666657,63.985,35.38638328505321,SELL 🔴
2025-06-27 10:00:00,NSENG:WEMABANK,15.0,15.0,15.0,15.0,2563595.0,85.10638297872342,13.410474874220435,11.979641253245205,0.44964201374015467,0.3398191379071566,0.10982287583299805,13.9375,15.268457312771895,12.606542687228105,19.09893901735455,0.8991487892978336,0.2797,35.94955736869287,29.787234042553166,63.985,29.707948897112388,SELL 🔴
2025-06-30 10:00:00,NSENG:WEMABANK,14.95,14.95,14.95,14.95,1891728.0,82.6086956521739,13.470848408564732,12.009197061670626,0.4572377676349557,0.3633028638527165,0.09393490378223923,14.02,15.388595130628074,12.651404869371925,19.523468339915475,0.8397644705827665,0.2797,35.94955736869287,34.782608695652186,63.985,31.206561293042093,SELL 🔴
2025-07-01 10:00:00,NSENG:WEMABANK,15.0,15.0,15.0,15.0,2278500.0,77.77777777777777,13.530815137640626,12.038956294887834,0.46196677404672215,0.3830356458915176,0.07893112815520453,14.13,15.438031868274233,12.821968131725768,18.51425149715828,0.8325607047891899,0.2797,45.89430994315934,44.44444444444446,63.985,39.077488304913004,SELL 🔴
2025-07-02 10:00:00,NSENG:WEMABANK,15.2,15.95,15.0,15.45,71134549.0,84.09090909090911,13.6060772891057,12.072897028272035,0.49630469332606353,0.4056894553784268,0.0906152379476367,14.2375,15.61011755320568,12.864882446794322,19.281721555128055,0.9416743750538037,0.2797,36.94046135778987,31.818181818181785,63.985,30.812685224349465,SELL 🔴
2025-07-03 10:00:00,NSENG:WEMABANK,15.7,16.5,15.7,16.0,8074321.0,88.88888888888887,13.699956611101555,12.111972679732014,0.561426371469981,0.43683683859673766,0.12458953287324331,14.372499999999999,15.881237708710207,12.86376229128979,20.994784605464726,1.039358163650367,0.2797,30.519109835247864,22.222222222222257,63.985,24.723221584290613,SELL 🔴
2025-07-04 10:00:00,NSENG:WEMABANK,15.7,16.5,15.7,16.5,3133658.0,93.54838709677416,13.809762234195613,12.155634643117766,0.6459356478337916,0.4786566004441485,0.16727904738964317,14.532499999999999,16.22933141239935,12.835668587600647,23.352230000335133,1.0797570653226884,0.2797,26.75817147647428,12.903225806451672,63.985,20.047053480172643,SELL 🔴
2025-07-07 10:00:00,NSENG:WEMABANK,16.5,16.8,16.0,16.2,8466419.0,84.8484848484848,13.903497048540883,12.195877084479779,0.6808539054084708,0.5190960614370129,0.16175784397145787,14.675,16.431341892145483,12.918658107854519,23.93651641765563,0.9341409855393005,0.2797,26.75817147647428,30.303030303030397,63.985,25.266994829146256,SELL 🔴
2025-07-08 10:00:00,NSENG:WEMABANK,16.25,16.5,16.25,16.4,3118685.0,85.71428571428567,14.001399125068692,12.237709153290925,0.7164069117087628,0.558558231491363,0.15784868021739984,14.8225,16.640096736005198,13.004903263994803,24.52483367859939,0.9339521437156364,0.2797,26.75817147647428,28.57142857142867,63.985,24.747514309665746,SELL 🔴
2025-07-09 10:00:00,NSENG:WEMABANK,16.5,16.5,15.45,15.95,4747209.0,75.3246753246753,14.077814845654235,12.274647370671115,0.7002002139473547,0.5868866279825613,0.11331358596479335,14.919999999999998,16.760880796049285,13.079119203950711,24.676686274119135,0.7797573863040136,0.2797,33.77737222771615,49.350649350649405,63.985,34.4908809190529,SELL 🔴
2025-07-10 10:00:00,NSENG:WEMABANK,15.95,16.2,15.95,16.1,4077544.0,76.25,14.15711622425603,12.312710580913194,0.691488981069357,0.6078070985999204,0.08368188246943653,15.0275,16.88093919298831,13.17406080701169,24.66729919132671,0.7893269992501892,0.2797,35.241922648187625,47.5,63.985,34.66796132409381,SELL 🔴
2025-07-11 10:00:00,NSENG:WEMABANK,16.35,16.4,16.0,16.0,56080097.0,70.8333333333333,14.229386176245988,12.349400027869283,0.6688065167795383,0.620006982235844,0.048799534543694234,15.132500000000002,16.954666148759248,13.310333851240756,24.082817099081392,0.7380408615840818,0.2797,38.359865101980986,58.3333333333334,63.985,39.47693255099051,SELL 🔴
2025-07-14 10:00:00,NSENG:WEMABANK,16.25,16.45,15.9,16.2,6434181.0,69.56521739130432,14.306665149726538,12.387714455452674,0.6593680445663814,0.6278791947019515,0.0314888498644299,15.252500000000001,17.020482793438507,13.484517206561494,23.18285911737101,0.7679607526488504,0.2797,38.359865101980986,60.86956521739137,63.985,55.2378021162079,HOLD 🟡
2025-07-16 10:00:00,NSENG:WEMABANK,16.0,16.25,15.8,16.25,5956536.0,67.18749999999997,14.382874359541184,12.426145157388468,0.6484476683929223,0.6319928894401458,0.016454778952776583,15.370000000000001,17.070588133558473,13.669411866441529,22.12866797083243,0.7587340175538575,0.2797,43.31566876055265,65.62500000000006,63.985,59.14233438027634,HOLD 🟡
2025-07-17 10:00:00,NSENG:WEMABANK,16.25,16.4,16.2,16.3,5754663.0,70.96774193548384,14.458055757206235,12.464690976717938,0.6364907050844533,0.6328924525690073,0.0035982525154459877,15.49,17.089539407388692,13.890460592611308,20.65254238074489,0.7531978881728072,0.2797,42.01226699539461,58.06451612903231,63.985,41.222488336407,SELL 🔴
2025-07-18 10:00:00,NSENG:WEMABANK,16.3,16.3,16.0,16.1,14162357.0,66.66666666666666,14.522445727511874,12.500863205805322,0.6039148426053451,0.6270969305762749,-0.0231820879709298,15.594999999999999,17.052069878756278,14.13793012124372,18.68637228286347,0.6732929927942299,0.2797,43.31566876055265,66.66666666666669,63.985,59.454834380276324,HOLD 🟡
2025-07-21 10:00:00,NSENG:WEMABANK,16.35,17.1,16.35,17.1,9351961.0,75.29411764705883,14.623526287217292,12.54662576097144,0.6512823025706549,0.631934004975151,0.019348297595503938,15.75,17.15112736563695,14.348872634363053,17.792093531897756,0.9817549186138032,0.2797,45.7065792569675,49.41176470588235,63.985,40.47381904024846,SELL 🔴
2025-07-22 10:00:00,NSENG:WEMABANK,17.75,18.3,17.75,17.95,20856361.0,79.2079207920792,14.753976236738183,12.600390678772719,0.7487778076423872,0.6553027655085982,0.09347504213378899,15.9225,17.51242717476384,14.332572825236161,19.970823360198956,1.1376078200880977,0.2797,32.13979458467706,41.584158415841614,63.985,31.34214481709101,SELL 🔴
2025-07-23 10:00:00,NSENG:WEMABANK,18.0,18.2,17.8,18.0,8963543.0,77.41935483870967,14.881271286277862,12.65411813470533,0.8206186984234591,0.6883659520915705,0.13225274633188866,16.080000000000002,17.837809641810512,14.322190358189491,21.863304002618285,1.0461342213433402,0.2797,35.383793884417194,45.16129032258067,63.985,34.037284038982804,SELL 🔴
2025-07-24 10:00:00,NSENG:WEMABANK,18.25,18.45,18.25,18.4,2229950.0,76.66666666666666,15.0192606476003,12.71129108858886,0.8994613484835767,0.7305850313699718,0.16887631711360496,16.2425,18.224863023740763,14.260136976259234,24.40958009839328,1.044173790108521,0.2797,33.844403321984586,46.666666666666686,63.985,33.7192016609923,SELL 🔴
2025-07-25 10:00:00,NSENG:WEMABANK,19.0,19.9,18.95,19.9,9462812.0,80.90909090909089,15.21066219083166,12.78282053049345,1.0706405033912638,0.7985961257742302,0.2720443776170336,16.4875,18.97110412982506,14.00389587017494,30.12711605549732,1.1870056219950735,0.2797,58.16750585998377,38.181818181818215,63.985,43.33529838453735,SELL 🔴
2025-07-28 10:00:00,NSENG:WEMABANK,19.5,19.95,19.05,19.95,4838720.0,85.71428571428572,15.39651857550493,12.854135749095505,1.1965427985082115,0.8781854603210265,0.31835733818718503,16.735,19.557857827767695,13.912142172232302,33.73597642984997,1.0694583638564625,0.2797,59.20479647029758,28.571428571428555,63.985,40.97082680657735,SELL 🔴
2025-07-29 10:00:00,NSENG:WEMABANK,19.8,20.0,19.0,19.25,12487246.0,74.78260869565219,15.54763549411258,12.917776189403012,1.2257079266082904,0.9476899535784793,0.2780179730298111,16.95,19.85426184117499,14.04573815882501,34.268576297050025,0.8959698067494976,0.2797,64.47507673573315,50.43478260869563,63.985,50.16497315047526,HOLD 🟡
2025-07-30 10:00:00,NSENG:WEMABANK,19.25,20.0,19.0,20.0,24519678.0,83.47107438016529,15.722238023755224,12.98824607806567,1.2944189765259217,1.0170357581679679,0.2773832183579539,17.2,20.254418714618282,14.145581285381716,35.51649668160794,0.9583523513982141,0.2797,57.84754382510789,33.05785123966942,63.985,41.63812728445477,SELL 🔴
2025-07-31 10:00:00,NSENG:WEMABANK,21.0,22.0,21.0,22.0,22150446.0,87.34177215189874,15.968424767921686,13.077915271318748,1.4930453663300405,1.1122376798003824,0.38080768652965813,17.5275,21.144633933757042,13.910366066242956,41.27381467701661,1.1182380970552708,0.2797,64.16524262303597,25.316455696202524,63.985,42.47455802037874,SELL 🔴
2025-08-01 10:00:00,NSENG:WEMABANK,22.5,24.0,22.5,23.9,19509601.0,90.72164948453609,16.27946693388554,13.185597706430004,1.7832165222582788,1.2464334482919617,0.5367830739663171,17.9225,22.448503814217972,13.396496185782027,50.506389334277834,1.1603507470787255,0.2797,64.02419522059992,18.556701030927826,63.985,40.3761079195783,SELL 🔴
2025-08-04 10:00:00,NSENG:WEMABANK,23.95,24.95,23.95,24.7,18721774.0,91.26213592233012,16.609683916870424,13.300168873530204,2.0540547039996824,1.407957699433506,0.6460970045661765,18.3325,23.719646007420163,12.945353992579836,58.77153696899129,1.0909901078631907,0.2797,49.327151475171675,17.475728155339766,63.985,32.70329418418777,SELL 🔴
2025-08-05 10:00:00,NSENG:WEMABANK,25.0,25.0,24.0,24.8,13073395.0,91.30434782608697,16.930872782875504,13.414595053893088,2.250819037797079,1.5765299671062207,0.6742890706908584,18.7625,24.77011578069211,12.75488421930789,64.03854263229431,1.0024871946208624,0.2797,49.98659853201495,17.391304347826065,63.985,33.007690570355294,SELL 🔴
2025-08-06 10:00:00,NSENG:WEMABANK,24.05,24.75,24.0,24.5,10574801.0,88.67924528301887,17.227701301194113,13.524897590670271,2.355397145042371,1.732303402693451,0.62309374234892,19.167499999999997,25.582800378576845,12.752199621423149,66.93935441321872,0.9156079751002204,0.2797,58.035883302841206,22.641509433962256,63.985,38.607394481609276,SELL 🔴
2025-08-07 10:00:00,NSENG:WEMABANK,24.25,24.3,23.55,24.0,20496746.0,86.23853211009174,17.493281642323755,13.62912746538997,2.3706033869577112,1.8599633995463032,0.510639987411408,19.57,26.143503431840657,12.996496568159344,67.17939122984829,0.8369588261369135,0.2797,63.54133230230104,27.52293577981652,63.985,42.82454688509547,SELL 🔴
2025-08-08 10:00:00,NSENG:WEMABANK,22.7,24.0,22.4,24.0,31695545.0,84.84848484848484,17.74844706811498,13.73232022692838,2.35550168604286,1.9590710568456147,0.3964306291972455,19.964999999999996,26.609594162095014,13.320405837904978,66.56242586621607,0.803630282118523,0.2797,79.68146140940658,30.30303030303031,63.985,51.72863979561238,HOLD 🟡
2025-08-11 10:00:00,NSENG:WEMABANK,23.05,23.8,23.05,23.15,3573534.0,76.26262626262626,17.960272673286944,13.826028483376854,2.249020277223046,2.017060900921101,0.23195937630194496,20.322499999999998,26.836975783732864,13.808024216267132,64.11096847073802,0.7170166943486442,0.2797,87.19106208052733,47.47474747474749,63.985,60.63495528268791,HOLD 🟡
2025-08-12 10:00:00,NSENG:WEMABANK,23.25,23.25,21.75,21.75,3823967.0,66.66666666666666,18.108889431197262,13.904873971104449,2.0282838996323314,2.0193055006633474,0.008978398968984003,20.6,26.84221620563519,14.357783794364813,60.60404083140959,0.592114720326559,0.2797,73.67125769589802,66.66666666666669,63.985,74.63262884794901,BUY 🟢
2025-08-13 10:00:00,NSENG:WEMABANK,23.0,23.0,23.0,23.0,4282540.0,69.00826446280992,18.30069768879737,13.995372737561121,1.9319430465383824,2.0018330098383545,-0.0698899632999721,20.9375,26.91366978198894,14.96133021801106,57.08580090258092,0.6725603584938291,0.2797,58.72484632269327,61.98347107438016,63.985,65.75446448366068,BUY 🟢
2025-08-14 10:00:00,NSENG:WEMABANK,22.95,23.0,20.7,20.7,7758212.0,53.10077519379845,18.3947879755112,14.062085446640115,1.6509700927292954,1.931660426416543,-0.2806903336872475,21.1575,26.724817694885868,15.59018230511413,52.627368024443996,0.45891199091976925,0.2797,59.91309658881002,93.7984496124031,63.985,75.89308317812593,BUY 🟢
2025-08-15 10:00:00,NSENG:WEMABANK,22.3,22.75,22.3,22.75,2114342.0,59.39597315436242,18.565580603922527,14.148532357618821,1.5755528771497609,1.8604389165631865,-0.2848860394134256,21.490000000000002,26.557398377450635,16.42260162254937,47.160524685440976,0.6243241507917415,0.2797,60.82714120682935,81.20805369127515,63.985,72.57298671079722,BUY 🟢
2025-08-18 10:00:00,NSENG:WEMABANK,22.9,24.5,22.9,23.75,11735155.0,64.80263157894737,18.768891168474585,14.2440693490853,1.5782823763150873,1.8040076085135668,-0.2257252321984795,21.822499999999998,26.53747893057745,17.107521069422546,43.21208780458199,0.7044017617448757,0.2797,52.660515880744384,70.39473684210526,63.985,65.24567899300376,BUY 🟢
2025-08-19 10:00:00,NSENG:WEMABANK,22.0,24.0,22.0,23.7,7286699.0,62.758620689655174,18.96226798539715,14.338158211283458,1.5584461448769247,1.7548953157862386,-0.1964491709093139,22.11,26.5222556589572,17.6977443410428,39.91185580241701,0.6801799490893262,0.2797,48.97570150848697,74.48275862068965,63.985,64.62967834045038,HOLD 🟡
2025-08-20 10:00:00,NSENG:WEMABANK,23.7,23.7,23.7,23.7,2853635.0,56.800000000000004,19.14806139773452,14.431310865897554,1.525144867882613,1.7089452262055136,-0.18380035832290065,22.395,26.407729744201546,18.382270255798453,35.83594323912968,0.6626075119917737,0.2797,38.58450885226086,86.39999999999999,63.985,63.009254426130425,HOLD 🟡
2025-08-21 10:00:00,NSENG:WEMABANK,23.0,23.5,23.0,23.5,3161420.0,48.14814814814815,19.31872565664689,14.521546578674695,1.4657191395493783,1.6603000088742865,-0.19458086932490826,22.65,26.217248681812713,19.082751318187285,31.49888460761779,0.6191394371148902,0.2797,33.21984517022767,96.2962962962963,63.985,63.29581147400272,HOLD 🟡
2025-08-22 10:00:00,NSENG:WEMABANK,23.5,23.5,23.5,23.5,6532262.0,44.00000000000001,19.482697199523482,14.610884423663007,1.402457168467219,1.608731440792873,-0.2062742723256541,22.83,26.16898818585256,19.491011814147438,29.25088204864267,0.6003297949418961,0.2797,27.536188863633797,88.00000000000001,63.985,57.965094431816894,HOLD 🟡
2025-08-25 10:00:00,NSENG:WEMABANK,23.5,23.5,23.5,23.5,1864968.0,43.43434343434343,19.640238485816678,14.69933333487034,1.3369105282351335,1.5543672582813253,-0.21745673004619182,23.0075,26.06764705528996,19.94735294471004,26.60130005685068,0.5804699890400093,0.2797,29.918009930203933,86.86868686868686,63.985,58.81661102570803,HOLD 🟡
2025-08-26 10:00:00,NSENG:WEMABANK,23.15,23.4,23.15,23.4,2928555.0,44.329896907216494,19.787680113823868,14.785907132533323,1.2623436673326722,1.4959625400915948,-0.23361887275892257,23.215,25.713652268302766,20.716347731697233,21.526187967286383,0.5370199571878926,0.2797,29.26329916949721,88.65979381443299,63.985,59.0265877290785,HOLD 🟡
2025-08-27 10:00:00,NSENG:WEMABANK,23.0,23.0,23.0,23.0,4437989.0,44.79166666666667,19.91365344269352,14.867639399871301,1.1576278228383465,1.4282955966409452,-0.27066777380259865,23.365000000000002,25.36054767578117,21.369452324218834,17.08151231141595,0.4085464094820183,0.2797,63.18032015299513,89.58333333333334,63.985,76.26216007649757,BUY 🟢
2025-08-28 10:00:00,NSENG:WEMABANK,22.05,23.0,22.05,22.45,4375247.0,42.364532019704434,20.013118013568285,14.943085774001936,1.0185185107947774,1.3463401794717118,-0.3278216686769344,23.3875,25.327623436116436,21.447376563883562,16.591114365506677,0.2583916614407271,0.2797,70.3344284675027,84.72906403940887,63.985,78.38293344557401,BUY 🟢
2025-08-29 10:00:00,NSENG:WEMABANK,22.4,23.0,22.4,23.0,4088644.0,49.23857868020305,20.130250640487176,15.023254074758137,0.941797328871246,1.2654316093516187,-0.3236342804803727,23.3425,25.274304446897375,21.410695553102627,16.551821329312403,0.411352310905464,0.2797,67.88052205820304,98.4771573604061,63.985,81.28040823722334,STRONG BUY 🟢
2025-09-01 10:00:00,NSENG:WEMABANK,23.0,23.0,23.0,23.0,1063130.0,57.396449704142015,20.242789831056307,15.10262468097945,0.8709554076619668,1.1865363690136883,-0.31558096135172153,23.2575,25.084569842815583,21.430430157184418,15.711661552751435,0.42953197683916033,0.2797,71.96230356257296,85.20710059171597,63.985,79.34028195880127,BUY 🟢
2025-09-02 10:00:00,NSENG:WEMABANK,21.5,22.45,20.75,21.8,4504005.0,42.857142857142854,20.303856896505078,15.169265231417466,0.7098005644619683,1.0911892081033443,-0.38138864364137604,23.1075,24.89349080565791,21.321509194342095,15.458104993252464,0.1339566822354507,0.2797,75.63777502519451,85.71428571428571,63.985,81.33017322688296,STRONG BUY 🟢
2025-09-03 10:00:00,NSENG:WEMABANK,21.5,21.8,21.5,21.8,3680267.0,59.016393442622956,20.362529175073508,15.235242691801373,0.5754507521034284,0.9880415169033612,-0.41259076479993273,22.9725,24.723131465019303,21.221868534980697,15.241105365278514,0.1651208368441296,0.2797,73.16597577311938,81.96721311475409,63.985,78.97015182098592,BUY 🟢
2025-09-04 10:00:00,NSENG:WEMABANK,21.8,21.8,21.8,21.8,1596118.0,38.27160493827161,20.418900579972586,15.300563660042156,0.46363308427718053,0.8831598303781251,-0.41952674610094454,22.8625,24.61775526708551,21.10724473291449,15.354884785876516,0.197337469961217,0.2797,68.93306423345756,76.54320987654322,63.985,75.22649507969174,BUY 🟢
2025-09-08 10:00:00,NSENG:WEMABANK,21.75,21.95,21.5,21.95,2819975.0,21.874999999999986,20.478943694483466,15.36672720571338,0.3827088934244003,0.7830696429873801,-0.40036074956297985,22.759999999999998,24.47452003411108,21.045479965888916,15.066081143331129,0.26378228778762713,0.2797,72.89368174763588,43.74999999999997,63.985,77.36884087381793,BUY 🟢
2025-09-09 10:00:00,NSENG:WEMABANK,21.65,21.9,21.65,21.9,2377650.0,21.874999999999986,20.534671392739018,15.43173489520877,0.31095679069445126,0.6886470725287944,-0.37769028183434317,22.697499999999998,24.443013044773235,20.95198695522676,15.380663463141197,0.2715571354828791,0.2797,80.72690033177116,43.74999999999997,63.985,81.28545016588558,STRONG BUY 🟢
2025-09-10 10:00:00,NSENG:WEMABANK,21.75,21.8,21.75,21.8,652877.0,21.212121212121204,20.584292122435528,15.495100717146991,0.243219880684439,0.5995616341599234,-0.35634175347548436,22.7,24.43993345305287,20.96006654694713,15.329810159056128,0.24136941892206645,0.2797,79.50671232286236,42.42424242424241,63.985,80.2776288887039,STRONG BUY 🟢
2025-09-11 10:00:00,NSENG:WEMABANK,21.8,21.8,21.8,21.8,572900.0,22.58064516129032,20.631966941163547,15.557836033394286,0.18737791551210137,0.517124890430359,-0.32974697491825766,22.639999999999997,24.418704436853986,20.861295563146008,15.712936721324992,0.26387308014879857,0.2797,80.28047184561844,45.16129032258064,63.985,81.48562301958341,STRONG BUY 🟢
2025-09-12 10:00:00,NSENG:WEMABANK,21.8,21.95,21.8,21.95,3233799.0,26.153846153846118,20.68365451209831,15.621439654952553,0.1534575392031492,0.44439142018491706,-0.29093388098176787,22.7025,24.26941953912928,21.13558046087072,13.803938237016014,0.2598791829419151,0.2797,78.6230093454112,52.307692307692236,63.985,82.80081236501327,STRONG BUY 🟢
2025-09-15 10:00:00,NSENG:WEMABANK,21.6,21.9,21.6,21.9,2268010.0,25.757575757575722,20.73135433515328,15.683912892216707,0.12114433794453561,0.3797420037368408,-0.2585976657923052,22.66,24.267089556342494,21.052910443657506,14.184373842387416,0.26354771362908586,0.2797,73.55322682827556,51.515151515151445,63.985,80.0281588686832,STRONG BUY 🟢
2025-09-16 10:00:00,NSENG:WEMABANK,21.9,21.9,21.9,21.9,1062091.0,26.562499999999957,20.777183576911977,15.745764505229477,0.09444716501605299,0.3226830359926833,-0.22823587097663028,22.5675,24.12255119225258,21.01244880774742,13.781333264673364,0.28537684054211476,0.2797,76.01635167889901,53.124999999999915,63.985,81.74267583944948,STRONG BUY 🟢
2025-09-17 10:00:00,NSENG:WEMABANK,21.5,21.8,20.75,21.0,5617195.0,22.97297297297294,20.785921475856604,15.7980454554262,0.0006593837756057042,0.2582783055492678,-0.2576189217736621,22.432499999999997,24.04144702408614,20.823552975913856,14.34478568225692,0.054833074502985434,0.2797,59.70009551488323,45.94594594594588,63.985,71.43083154122537,BUY 🟢
2025-09-18 10:00:00,NSENG:WEMABANK,21.0,21.0,21.0,21.0,2908393.0,26.98412698412696,20.794316712097523,15.849806197163254,-0.07282858595722885,0.19205692724796847,-0.2648855132051973,22.2975,23.911737639845693,20.683262360154306,14.479090838396177,0.09810750041610096,0.2797,73.68492450288406,53.96825396825392,63.985,80.8299384419182,STRONG BUY 🟢
2025-09-19 10:00:00,NSENG:WEMABANK,21.3,21.3,20.55,20.55,12329495.0,9.836065573770426,20.784735664564288,15.89657429470392,-0.1654721111216162,0.12055111957405154,-0.2860232306956677,22.15,23.838973528196114,20.461026471803883,15.250325311025872,0.026339527147931148,0.2797,75.41462746148994,19.672131147540853,63.985,71.40595307500723,BUY 🟢
2025-09-22 10:00:00,NSENG:WEMABANK,20.55,20.55,20.55,20.55,1469015.0,9.836065573770426,20.775530344385295,15.9428770380402,-0.2361703475196819,0.049206826155304854,-0.2853771736749868,22.0025,23.71021469329162,20.294785306708384,15.522915062303074,0.074724043276717,0.2797,83.8669601784254,19.672131147540853,63.985,75.63211943347495,BUY 🟢
2025-09-23 10:00:00,NSENG:WEMABANK,18.6,19.0,18.5,18.85,9962305.0,8.450704225352041,20.700019350487832,15.971803634676617,-0.42448183931281136,-0.045530906938318384,-0.37895093237449295,21.770000000000003,23.845775061335654,19.69422493866435,19.07005109173772,-0.20335173940309706,0.2797,74.62665745804297,16.901408450704082,63.985,70.18075126423271,BUY 🟢
2025-09-24 10:00:00,NSENG:WEMABANK,18.75,19.0,18.75,19.0,4533856.0,12.162162162162076,20.633351924978506,16.001934941794264,-0.5552161210389102,-0.14746794975843674,-0.4077481712804734,21.55,23.821795024111733,19.27820497588827,21.08394453932002,-0.061230210678238056,0.2797,80.7367094288482,24.324324324324152,63.985,75.46265201172135,BUY 🟢
2025-09-25 10:00:00,NSENG:WEMABANK,18.1,18.85,18.1,18.7,8508663.0,11.249999999999915,20.55753420243033,16.028781360283876,-0.6752476395304221,-0.25302388771283385,-0.42222375181758826,21.335,23.831755789756798,18.838244210243204,23.405256993267372,-0.027684768131982677,0.2797,94.45563549934135,22.49999999999983,63.985,81.77481774967063,STRONG BUY 🟢
2025-09-26 10:00:00,NSENG:WEMABANK,18.7,18.8,17.95,18.0,13412978.0,6.593406593406527,20.457238743511493,16.04839547610195,-0.8174347535675857,-0.36590606088378425,-0.4515286926838014,21.1125,23.959451277937024,18.265548722062977,26.96934307104344,-0.04663738436988654,0.2797,95.2397243230873,13.186813186813055,63.985,79.37290611758756,BUY 🟢
2025-09-29 10:00:00,NSENG:WEMABANK,17.95,18.0,17.75,18.0,9967330.0,6.6666666666666,20.360876439844375,16.067814426588498,-0.9195194183708608,-0.47662873238119957,-0.44289068598966125,20.8625,23.884328480973224,17.840671519026778,28.96899682179243,0.026362925953015783,0.2797,96.41016412088923,13.3333333333332,63.985,80.00208206044458,STRONG BUY 🟢
2025-09-30 10:00:00,NSENG:WEMABANK,18.0,18.0,16.85,17.0,13180100.0,5.5555555555555,20.22907736377205,16.0770899049309,-1.068793507109941,-0.5950616873269479,-0.47373181978299317,20.5625,23.868773940317247,17.256226059682753,32.15828756539572,-0.038748461910292756,0.2797,96.82738532423679,11.111111111111,63.985,79.54402599545169,BUY 🟢
2025-10-02 10:00:00,NSENG:WEMABANK,17.7,17.8,16.45,17.3,152047650.0,10.526315789473657,20.114211584800596,16.08925816458333,-1.1496345338187943,-0.7059762566253172,-0.44365827719347717,20.3375,23.892315118443666,16.78268488155633,34.95823103570908,0.07276259119069949,0.2797,96.41016412088923,21.052631578947313,63.985,82.31787153412881,STRONG BUY 🟢
2025-10-03 10:00:00,NSENG:WEMABANK,17.35,18.95,17.35,18.95,11610574.0,29.166666666666657,20.068556228533907,16.11772325747305,-1.0682463406839204,-0.7784302734370379,-0.2898160672468826,20.195,23.731412097920103,16.658587902079898,35.02265014033278,0.3239741345851304,0.2797,96.33849493406102,58.333333333333314,63.985,93.4662474670305,STRONG BUY 🟢
2025-10-06 10:00:00,NSENG:WEMABANK,18.95,19.8,18.95,19.8,6834962.0,36.875,20.05802461172866,16.15436282705043,-0.9245006470234465,-0.8076443481543196,-0.11685629886912685,20.095000000000002,23.552547046526954,16.63745295347305,34.41201340161185,0.45733969834245286,0.2797,95.6645127984103,73.75,63.985,87.75425639920515,STRONG BUY 🟢
2025-10-07 10:00:00,NSENG:WEMABANK,20.0,20.0,19.8,20.0,12653855.0,38.41463414634147,20.05574913675891,16.19262787354744,-0.7853893411980231,-0.8031933467630603,0.01780400556503725,19.997500000000002,23.342956463230138,16.652043536769867,33.45874697567331,0.5003736410901585,0.2797,94.55262099006015,76.82926829268294,63.985,88.12209098283495,STRONG BUY 🟢
2025-10-08 10:00:00,NSENG:WEMABANK,20.0,20.0,19.75,19.85,13490565.0,42.28187919463088,20.04768054316052,16.229019635999705,-0.6794145079593257,-0.7784375790023135,0.0990230710429878,19.895,23.118417604442755,16.671582395557245,32.40429861214129,0.4930198308872583,0.2797,94.23122187231893,84.56375838926176,63.985,90.28173845293799,STRONG BUY 🟢
2025-10-09 10:00:00,NSENG:WEMABANK,19.95,19.95,19.95,19.95,4245328.0,43.046357615894024,20.043849933624813,16.266044316238514,-0.5806659690063931,-0.7388832570031294,0.1582172879967363,19.8025,22.89943821633389,16.705561783666106,31.278254930780385,0.5238138428500212,0.2797,94.54455889713472,86.09271523178805,63.985,90.89709401810377,STRONG BUY 🟢
2025-10-10 10:00:00,NSENG:WEMABANK,19.95,19.95,19.95,19.95,1570363.0,45.77464788732393,20.0401695440709,16.302700591698827,-0.49668160408307926,-0.6904429264191194,0.19376132233604015,19.71,22.662893317979556,16.757106682020446,29.963402516281633,0.5406381088234188,0.2797,95.66186217739418,91.54929577464786,63.985,93.09271982109145,STRONG BUY 🟢
2025-10-13 10:00:00,NSENG:WEMABANK,19.05,19.05,19.05,19.05,3965467.0,40.625,20.00133936587204,16.330036904219238,-0.4970165705496221,-0.65175765524522,0.15474108469559789,19.564999999999998,22.33383026793472,16.796169732065277,28.30391278236362,0.40700043878382314,0.2797,96.08516111308204,81.25,63.985,90.21458055654102,STRONG BUY 🟢
2025-10-14 10:00:00,NSENG:WEMABANK,19.75,19.75,18.65,19.0,11218820.0,51.18110236220471,19.962071155445688,16.35660370119218,-0.49560360615105026,-0.620526845426386,0.12492323927533577,19.419999999999998,21.968972961389472,16.871027038610524,26.251008871158334,0.41761387696889274,0.2797,97.01483598956607,97.63779527559058,63.985,95.59575657746021,STRONG BUY 🟢
2025-10-15 10:00:00,NSENG:WEMABANK,18.8,18.9,18.4,18.4,5580605.0,45.58823529411763,19.90081346307527,16.376936002672856,-0.5367119262815017,-0.6037638615974092,0.06705193531590758,19.245,21.545549133530812,16.94445086646919,23.90801905462002,0.3163481953756139,0.2797,95.5187231281395,91.17647058823526,63.985,92.90930274054033,STRONG BUY 🟢
2025-10-16 10:00:00,NSENG:WEMABANK,19.0,19.0,18.6,18.8,8444999.0,50.724637681159436,19.857644307660554,16.4010460921985,-0.5308940924659709,-0.5891899077711216,0.05829581530515071,19.135,21.287868343690125,16.98213165630988,22.501890187511083,0.42219682151445587,0.2797,96.33380449901513,98.55072463768113,63.985,95.5291196408119,STRONG BUY 🟢
2025-10-17 10:00:00,NSENG:WEMABANK,18.4,19.2,18.3,19.0,19279488.0,57.8125,19.824011197556217,16.42690633008707,-0.504331469476984,-0.5722182201122941,0.06788675063531002,19.035000000000004,21.000786303104583,17.069213696895424,20.654439748931747,0.49109770987194085,0.2797,96.84588948257965,84.375,63.985,91.53244474128982,STRONG BUY 🟢
2025-10-20 10:00:00,NSENG:WEMABANK,18.35,18.9,18.05,18.65,16172589.0,54.814814814814795,19.77797154275009,16.44902666511108,-0.5056931583662134,-0.558913207763078,0.05322004939686453,18.94,20.776931079129966,17.103068920870037,19.397371479725077,0.42106399546101725,0.2797,86.9982843003193,90.37037037037041,63.985,88.40725326127077,STRONG BUY 🟢
2025-10-21 10:00:00,NSENG:WEMABANK,18.7,19.1,18.5,19.0,30395819.0,66.3934426229508,19.747462854799107,16.474409484363708,-0.4730768957197,-0.5417459453544023,0.06866904963470233,18.8625,20.537038428155146,17.187961571844856,17.755211961883578,0.541056089752292,0.2797,91.35030762398581,67.2131147540984,63.985,83.63608823822243,STRONG BUY 🟢
2025-10-22 10:00:00,NSENG:WEMABANK,19.5,20.4,19.3,19.9,11862044.0,69.40298507462686,19.753444703630514,16.508494962131234,-0.3703367822989847,-0.5074641127433188,0.13712733044433412,18.915,20.652542123684725,17.177457876315273,18.372108101345237,0.7834463655796601,0.2797,86.82643680728262,61.19402985074629,63.985,79.5684273588652,BUY 🟢
2025-10-23 10:00:00,NSENG:WEMABANK,20.0,20.4,19.95,20.4,7835777.0,63.063063063063055,19.778799813292064,16.547216405294108,-0.245735989364821,-0.4551184880676193,0.2093824987027983,18.985,20.845418741772058,17.12458125822794,19.598827935444383,0.8802907292398604,0.2797,84.48048804368591,73.87387387387389,63.985,82.19940618400511,STRONG BUY 🟢
2025-10-24 10:00:00,NSENG:WEMABANK,20.0,20.5,20.0,20.5,7593916.0,57.29166666666666,19.80708217355512,16.586547585340934,-0.13733666738660233,-0.39156212393141593,0.2542254565448136,19.075,21.04810868801917,17.10189131198083,20.687902364552247,0.8611052976079531,0.2797,92.25511655989335,85.41666666666669,63.985,89.54955827994668,STRONG BUY 🟢
2025-10-27 10:00:00,NSENG:WEMABANK,21.4,22.25,20.55,22.0,16628472.0,66.3934426229508,19.893078951062762,16.640412783496746,0.06881478621327375,-0.29948674190247804,0.3683015281157518,19.275,21.57339761115157,16.976602388848427,23.848483643596076,1.0928043056559495,0.2797,91.7066295763031,67.2131147540984,63.985,83.81424921438106,STRONG BUY 🟢
2025-10-28 10:00:00,NSENG:WEMABANK,21.65,21.75,20.6,21.0,7012029.0,58.27338129496401,19.936487619648535,16.683791760775385,0.14977316397713025,-0.2096347607265564,0.35940792470368665,19.425,21.76425314217119,17.085746857828813,24.084974436768988,0.8366459088173237,0.2797,95.75464592563878,83.45323741007198,63.985,90.71029418584098,STRONG BUY 🟢
2025-10-29 10:00:00,NSENG:WEMABANK,20.95,20.95,20.0,20.0,6805552.0,50.318471337579616,19.938978301230946,16.716788857683092,0.13172319596901616,-0.1413631693874419,0.273086365356458,19.575,21.62657192621193,17.523428073788068,20.961143562829438,0.6035791128183183,0.2797,86.11869509299581,99.36305732484077,63.985,90.66526474395013,STRONG BUY 🟢
2025-10-30 10:00:00,NSENG:WEMABANK,20.0,20.7,20.0,20.4,5735643.0,52.72727272727272,19.957057583535615,16.753437724770823,0.14798919600859506,-0.08349269630823451,0.23148189231682958,19.729999999999997,21.508053341216286,17.951946658783708,18.023855460884835,0.6884082958787063,0.2797,84.75581537148786,94.54545454545456,63.985,88.53854404938029,STRONG BUY 🟢
2025-10-31 10:00:00,NSENG:WEMABANK,20.3,20.45,20.0,20.45,11606708.0,59.459459459459445,19.976388658691082,16.79021943895221,0.16303533055802433,-0.03418709093498275,0.19722242149300706,19.805,21.57102437844528,18.03897562155472,17.834126518003334,0.6826135606825047,0.2797,89.13842243254409,81.08108108108111,63.985,86.69053554059637,STRONG BUY 🟢
2025-11-03 10:00:00,NSENG:WEMABANK,20.45,20.45,20.45,20.45,3705364.0,59.86394557823129,19.994961652467904,16.82663516592781,0.17296566012742787,0.007243459277499378,0.1657222008499285,19.8375,21.62690595847069,18.048094041529307,18.040639782943334,0.6711461832069318,0.2797,89.11009414627516,80.27210884353742,63.985,86.4336797261988,STRONG BUY 🟢
2025-11-04 10:00:00,NSENG:WEMABANK,20.45,20.45,20.45,20.45,1326289.0,65.18518518518519,20.012806293547595,16.862688547361365,0.17877471423305735,0.04154971026861098,0.13722500396444637,19.86,21.669216172239963,18.050783827760036,18.219699619737803,0.6630540366189436,0.2797,96.0887494154715,69.62962962962962,63.985,86.73026359662464,STRONG BUY 🟢
2025-11-05 10:00:00,NSENG:WEMABANK,18.55,19.7,18.55,19.7,6878880.0,56.33802816901407,20.00053938007514,16.89092050211399,0.12145958893994191,0.05753168600287717,0.06392790293706474,19.8525,21.66313379423946,18.041866205760538,18.240864316730498,0.4578876743366938,0.2797,82.73009369387889,87.32394366197185,63.985,85.359229945531,STRONG BUY 🟢
2025-11-06 10:00:00,NSENG:WEMABANK,18.7,19.65,18.7,19.25,7003240.0,51.70068027210884,19.97110646320945,16.91439392995365,0.03927298548875413,0.053879945900052566,-0.014606960411298435,19.817500000000003,21.64716059550309,17.987839404496913,18.465099992462104,0.3449165923464726,0.2797,66.81195795217472,96.59863945578232,63.985,80.18257081282205,STRONG BUY 🟢
2025-11-07 10:00:00,NSENG:WEMABANK,19.15,19.45,18.55,18.85,90881852.0,51.35135135135137,19.9271415038679,16.93365369184466,-0.05747461534039644,0.03160903365196276,-0.08908364899235921,19.7625,21.640874156999637,17.884125843000362,19.00947913472119,0.2571037706732637,0.2797,70.05580420892858,97.29729729729726,63.985,82.01409129365346,STRONG BUY 🟢
2025-11-10 10:00:00,NSENG:WEMABANK,19.85,19.85,18.95,19.0,3694846.0,50.0,19.890783013520142,16.954214351627304,-0.12065322436220427,0.0011565820491293566,-0.12180980641133363,19.76,21.64249554413393,17.877504455866074,19.053598624837324,0.29814029245162127,0.2797,76.67312627057915,100.0,63.985,86.13356313528956,STRONG BUY 🟢
2025-11-11 10:00:00,NSENG:WEMABANK,19.0,19.0,17.1,19.0,17192887.0,42.85714285714286,19.855850346323276,16.974570427730516,-0.16877716904467732,-0.03283016816963198,-0.13594700087504535,19.76,21.64249554413393,17.877504455866074,19.053598624837324,0.29814029245162127,0.2797,77.95073382278072,85.71428571428572,63.985,82.48665262567607,STRONG BUY 🟢
2025-11-12 10:00:00,NSENG:WEMABANK,19.0,20.0,19.0,19.8,8174933.0,45.45454545454547,19.85366013666354,17.002684154817775,-0.14074006394924155,-0.0544121473255539,-0.08632791662368765,19.83,21.600340437079197,18.0596595629208,17.85517334421784,0.4915270533927663,0.2797,57.145552398718436,90.90909090909093,63.985,73.6425034720865,BUY 🟢
2025-11-13 10:00:00,NSENG:WEMABANK,19.5,19.9,19.5,19.8,98434830.0,44.61538461538461,19.851555817578696,17.03051814332705,-0.11716979569555974,-0.06696367699955506,-0.05020611869600468,19.88,21.583062257414994,18.176937742585004,17.133423112826915,0.47651289621043363,0.2797,44.02510540717196,89.23076923076923,63.985,66.57878347281674,BUY 🟢
2025-11-14 10:00:00,NSENG:WEMABANK,19.9,19.95,19.9,19.9,6592155.0,29.411764705882305,19.853455589438354,17.059070201602403,-0.08939058500455133,-0.07144905860055432,-0.017941526403997002,19.925,21.576952592667517,18.273047407332484,16.581707329159514,0.4924331968995451,0.2797,56.917595040025105,58.82352941176461,63.985,73.90285634354193,BUY 🟢
2025-11-17 10:00:00,NSENG:WEMABANK,19.85,19.9,19.85,19.9,3222301.0,36.58536585365851,19.85528086044077,17.087338159795415,-0.06660755001866647,-0.07048075688417675,0.0038732068655102786,19.9875,21.527108631062447,18.447891368937555,15.405714882425977,0.4715836874921841,0.2797,47.531097022761834,73.17073170731702,63.985,63.51376802357602,HOLD 🟡
2025-11-18 10:00:00,NSENG:WEMABANK,19.1,19.8,19.05,19.8,3128784.0,46.875,19.85311298356074,17.114329819896955,-0.05597574141127737,-0.06757975378959688,0.011604012378319511,20.0275,21.499153205716148,18.555846794283852,14.696324610821602,0.4227059747784495,0.2797,58.819543259206355,93.75,63.985,75.33177162960318,BUY 🟢
2025-11-19 10:00:00,NSENG:WEMABANK,19.05,19.7,19.0,19.7,1876795.0,37.93103448275861,19.84710855283287,17.14005788139052,-0.054985284623022324,-0.06506085995628197,0.010075575333259645,20.017500000000002,21.49550541270994,18.539494587290065,14.767132885824271,0.3925917329971535,0.2797,49.19732778418781,75.86206896551722,63.985,65.15428458174907,BUY 🟢
2025-11-20 10:00:00,NSENG:WEMABANK,19.5,19.7,18.0,18.0,4090299.0,23.076923076923038,19.774672923310014,17.148614519386634,-0.18919520839720505,-0.08988772964446659,-0.09930747875273846,19.8975,21.61504874289215,18.179951257107852,17.263965250831998,-0.05238606993034612,0.2797,47.65561016817327,46.153846153846075,63.985,65.47095893024046,BUY 🟢
2025-11-21 10:00:00,NSENG:WEMABANK,18.0,18.8,18.0,18.8,8629469.0,34.57943925233644,19.73645045572923,17.165046215711147,-0.2283716990077771,-0.1175845235171287,-0.1107871754906484,19.8125,21.57224729046976,18.05275270953024,17.76401050316478,0.21231664754269505,0.2797,34.862663150776505,69.15887850467288,63.985,55.97599512679011,HOLD 🟡
2025-11-24 10:00:00,NSENG:WEMABANK,18.0,18.8,18.0,18.8,11534906.0,34.57943925233644,19.699726908445733,17.181314412569744,-0.25646300419830936,-0.14536021965336485,-0.11110278454494452,19.652499999999996,21.134843450507685,18.170156549492308,15.085545864472088,0.21244855579588434,0.2797,34.862663150776505,69.15887850467288,63.985,55.97599512679011,HOLD 🟡
2025-11-25 10:00:00,NSENG:WEMABANK,18.0,18.5,18.0,18.3,7601835.0,36.27450980392156,19.644835657134138,17.192445612444672,-0.31543524610885854,-0.1793752249444636,-0.13606002116439495,19.5175,20.974705328161043,18.060294671838953,14.93229489597587,0.08224830211935519,0.2797,72.71093596564458,72.54901960784312,63.985,75.91717386517523,BUY 🟢
2025-11-26 10:00:00,NSENG:WEMABANK,18.35,18.4,17.9,18.3,18025884.0,39.784946236559136,19.592097003913192,17.20346605411189,-0.3580438658836904,-0.21510895313230896,-0.14293491275138145,19.432499999999997,20.967452425115614,17.89754757488438,15.797786441431791,0.13109605826555365,0.2797,78.63959529861677,79.56989247311827,63.985,80.98776539124387,STRONG BUY 🟢
2025-11-27 10:00:00,NSENG:WEMABANK,18.5,18.5,17.9,18.15,7701787.0,42.045454545454504,19.53554418023032,17.21288430232968,-0.3993122276345282,-0.25194960803275285,-0.14736261960177538,19.32,20.885886330485036,17.754113669514965,16.210003421170143,0.12640966421949912,0.2797,77.12215833826697,84.09090909090901,63.985,81.58535189640618,STRONG BUY 🟢
2025-11-28 10:00:00,NSENG:WEMABANK,18.35,18.35,18.0,18.3,7418193.0,42.04545454545456,19.487091467280113,17.22370137394829,-0.4151286110275265,-0.2845854086317076,-0.1305432023958189,19.2125,20.74662927472845,17.67837072527155,15.970116067439946,0.2026000301827511,0.2797,75.15402043557265,84.09090909090912,63.985,80.60128294505905,STRONG BUY 🟢
2025-12-01 10:00:00,NSENG:WEMABANK,18.3,18.35,18.0,18.25,113254084.0,41.57303370786517,19.438578076406383,17.233913300575672,-0.42677815800463037,-0.31302395850629217,-0.1137541994983382,19.1025,20.577368415183248,17.62763158481675,15.44162717113727,0.21099116666144135,0.2797,77.56568134671532,83.14606741573034,63.985,81.52366089807676,STRONG BUY 🟢
2025-12-02 10:00:00,NSENG:WEMABANK,18.0,18.25,18.0,18.25,3850110.0,28.76712328767124,19.39196717144927,17.24402361599283,-0.43104172719746714,-0.3366275122445272,-0.09441421495293995,18.9925,20.369099548085558,17.61590045191444,14.496243760279667,0.2303137281162858,0.2797,82.65570220132149,57.53424657534248,63.985,86.38512507326348,STRONG BUY 🟢
2025-12-03 10:00:00,NSENG:WEMABANK,18.0,18.65,18.0,18.3,4363976.0,29.72972972972974,19.349144929431652,17.254530843694393,-0.42548136998732744,-0.35439828379308724,-0.0710830861942402,18.9225,20.289969811078258,17.55503018892174,14.453373614250323,0.2723898564498643,0.2797,84.77729918832615,59.45945945945948,63.985,88.02348743200092,STRONG BUY 🟢
2025-12-04 10:00:00,NSENG:WEMABANK,18.3,18.9,18.0,18.9,2753058.0,38.0952380952381,19.331531402787274,17.27090367112032,-0.3684129263612945,-0.3572012123067287,-0.011211714054565836,18.905,20.263753298548224,17.54624670145178,14.37453899548503,0.49816007806371293,0.2797,83.00739243177901,76.1904761904762,63.985,82.15783907303236,STRONG BUY 🟢
2025-12-05 10:00:00,NSENG:WEMABANK,19.15,19.15,18.0,18.9,11166186.0,38.0952380952381,19.314608602677968,17.287113584840515,-0.3195027448723913,-0.34966151881986124,0.030158773947469963,18.9075,20.266011181985203,17.548988818014795,14.370077291923353,0.497239625223754,0.2797,81.95137170474126,76.1904761904762,63.985,81.62982870951349,STRONG BUY 🟢
2025-12-08 10:00:00,NSENG:WEMABANK,18.85,19.35,18.85,19.15,7861891.0,42.528735632183896,19.308153363357263,17.305649768075934,-0.25759872524578853,-0.33124896010504673,0.0736502348592582,18.915,20.27731227581711,17.55268772418289,14.404570719715684,0.586250415624805,0.2797,62.78658427743791,85.05747126436779,63.985,74.7075335180293,BUY 🟢
2025-12-09 10:00:00,NSENG:WEMABANK,19.0,19.1,18.0,18.8,14785720.0,40.21739130434785,19.28822578048051,17.320518924612493,-0.2340830548802657,-0.31181577906009056,0.07773272417982485,18.904999999999998,20.267621312803062,17.542378687196933,14.415459537720862,0.4614713203832104,0.2797,66.30420323117178,80.4347826086957,63.985,75.0795363981946,BUY 🟢
2025-12-10 10:00:00,NSENG:WEMABANK,18.75,18.8,18.3,18.65,1918110.0,60.655737704917996,19.263197318500882,17.333747592029287,-0.22495729542146137,-0.29444408233236474,0.06948678691090338,18.8475,20.14667990326687,17.54832009673313,13.78623056922002,0.4239905114359547,0.2797,78.77898113816113,78.68852459016401,63.985,80.79304794612976,STRONG BUY 🟢
2025-12-11 10:00:00,NSENG:WEMABANK,18.3,18.55,18.3,18.55,2649002.0,44.68085106382979,19.23522879620673,17.345849606038946,-0.2232210759546298,-0.28019948105681775,0.056978405102187935,18.785,20.009358048766305,17.560641951233695,13.035486279119565,0.40403134106204003,0.2797,71.7691787465434,89.36170212765958,63.985,80.49010001156958,STRONG BUY 🟢
2025-12-12 10:00:00,NSENG:WEMABANK,18.0,18.9,18.0,18.9,11410814.0,51.85185185185181,19.222082568904504,17.361313789063434,-0.19139673220193387,-0.262438931285841,0.07104219908390713,18.735,19.84386380920666,17.62613619079334,11.837350511947268,0.574400480306977,0.2797,78.9696117830858,96.29629629629638,63.985,86.1706947804318,STRONG BUY 🟢
2025-12-15 10:00:00,NSENG:WEMABANK,18.8,18.95,18.0,18.4,14493791.0,51.85185185185181,19.189844036790603,17.371648975241907,-0.20416801009139363,-0.25078474704695153,0.0466167369555579,18.66,19.631488277687435,17.688511722312565,10.412521732984295,0.36618469518802904,0.2797,78.9696117830858,96.29629629629638,63.985,86.1706947804318,STRONG BUY 🟢
2025-12-16 10:00:00,NSENG:WEMABANK,18.2,18.4,18.1,18.4,6532972.0,51.85185185185181,19.15886976083803,17.381881323746963,-0.21184729607212205,-0.24299725685198564,0.031149960779863595,18.589999999999996,19.404732762127615,17.775267237872377,8.765279850754375,0.38339734890258637,0.2797,78.9696117830858,96.29629629629638,63.985,86.1706947804318,STRONG BUY 🟢
2025-12-17 10:00:00,NSENG:WEMABANK,18.6,18.6,18.6,18.6,1159533.0,58.18181818181824,19.136953299628697,17.39400190759028,-0.19949520051774172,-0.23429684558513686,0.03480164506739514,18.535,19.160846794771853,17.909153205228147,6.753135093302971,0.55192964200104,0.2797,79.86644934502479,83.63636363636353,63.985,82.82113376342144,STRONG BUY 🟢
2025-12-18 10:00:00,NSENG:WEMABANK,18.5,18.75,18.5,18.75,1428089.0,58.18181818181818,19.121778660427573,17.407494425922714,-0.17557837123134235,-0.22255315071437798,0.046974779483035634,18.572499999999998,19.151496409406093,17.993503590593903,6.2349862367058275,0.6532824704233248,0.2797,71.00016962307984,83.63636363636364,63.985,78.38799390244901,BUY 🟢
2025-12-19 10:00:00,NSENG:WEMABANK,18.75,19.1,18.75,19.1,2954870.0,63.93442622950823,19.12092459531277,17.42433527740607,-0.12691899362825154,-0.2034263192971527,0.07650732566890117,18.5875,19.205540196274004,17.969459803725993,6.650062636438528,0.9146170452097812,0.2797,84.75556629722296,72.13114754098353,63.985,81.81412741090654,STRONG BUY 🟢
2025-12-22 10:00:00,NSENG:WEMABANK,19.0,19.1,19.0,19.1,5394973.0,63.93442622950823,19.12010402294756,17.4410085582279,-0.08734917933946917,-0.18021089130561602,0.09286171196614684,18.6025,19.255811403140623,17.949188596859376,7.023909723323463,0.8807525764959874,0.2797,80.45163565207409,72.13114754098353,63.985,79.6621620883321,BUY 🟢
2025-12-23 10:00:00,NSENG:WEMABANK,19.0,19.3,18.8,19.1,10252044.0,63.33333333333336,19.119315629890796,17.45751593575797,-0.05535175584439145,-0.1552390642133711,0.09988730836897966,18.642500000000002,19.315494095539826,17.969505904460178,7.219998342924222,0.8398989701633476,0.2797,80.89939569122393,73.33333333333329,63.985,80.24669784561195,STRONG BUY 🟢
2025-12-24 10:00:00,NSENG:WEMABANK,18.8,19.05,18.8,19.05,2106342.0,53.06122448979596,19.11659736989508,17.473361548337493,-0.03364036415058891,-0.13091932420081467,0.09727896005022577,18.68,19.356212361536393,18.003787638463606,7.239961044286866,0.7735826946133754,0.2797,48.985438345095176,93.87755102040808,63.985,70.45298447867,BUY 🟢
2025-12-29 10:00:00,NSENG:WEMABANK,19.1,19.1,18.6,19.1,5167847.0,54.00000000000006,19.11594649264429,17.489547005567967,-0.012258044571108684,-0.10718706827487348,0.0949290237037648,18.7275,19.38000529338437,18.074994706615627,6.968418565044694,0.7854382974182043,0.2797,48.985438345095176,91.99999999999989,63.985,69.88971917254756,BUY 🟢
2025-12-30 10:00:00,NSENG:WEMABANK,19.1,20.3,19.1,20.3,97390074.0,66.6666666666667,19.162379963520987,17.517511711980227,0.1003606735560787,-0.06567751990868305,0.16603819346476173,18.8275,19.757963947659782,17.89703605234022,9.88409451769785,1.2912719260662913,0.2797,82.94753957746414,66.6666666666666,63.985,79.27076978873205,BUY 🟢
2025-12-31 10:00:00,NSENG:WEMABANK,20.0,20.7,20.0,20.4,12284914.0,74.99999999999997,19.210914082598595,17.546193187482913,0.19542820857246568,-0.013456374212453307,0.20888458278491898,18.935000000000002,20.060821337606647,17.809178662393357,11.891432137382042,1.1506360960942534,0.2797,82.51652436963444,50.00000000000006,63.985,59.05526218481724,HOLD 🟡
2026-01-02 10:00:00,NSENG:WEMABANK,20.45,20.95,20.35,20.8,8952360.0,81.1594202898551,19.27323117739865,17.57856937467214,0.2995930498693795,0.049153510603913264,0.25043953926546625,19.0625,20.41619863706805,17.70880136293195,14.20273979874675,1.1417602679142898,0.2797,79.1156399010372,37.68115942028979,63.985,53.65916777660553,HOLD 🟡
2026-01-05 10:00:00,NSENG:WEMABANK,20.9,22.85,20.9,22.85,26464518.0,89.81481481481481,19.413496621422233,17.6310214206953,0.541322278237395,0.1475872641306096,0.39373501410678535,19.29,21.41419644249671,17.16580355750329,22.023809668187774,1.3379639304488467,0.2797,72.98834406859915,20.37037037037038,63.985,45.40228314541069,HOLD 🟡
2026-01-06 10:00:00,NSENG:WEMABANK,24.95,24.95,21.95,22.85,18929494.0,89.10891089108911,19.548261459797832,17.68295155581276,0.7245423599703145,0.2629782832985506,0.46156407667176386,19.4875,22.130240802153764,16.844759197846237,27.122420034932787,1.1361766536581364,0.2797,51.39544312350225,21.78217821782178,63.985,35.02937502709766,SELL 🔴
2026-01-07 10:00:00,NSENG:WEMABANK,22.7,23.0,22.4,22.85,8849220.0,98.90109890109889,19.677741402550858,17.734364973167857,0.8598339640633981,0.3823494194515201,0.47748454461187795,19.685,22.7061709127771,16.663829087222897,30.695157864131083,1.023803533691957,0.2797,67.17498971639975,2.1978021978022184,63.985,37.04383551754054,SELL 🔴
2026-01-08 10:00:00,NSENG:WEMABANK,22.85,22.9,22.0,22.0,7450442.0,83.33333333333331,19.768810367156707,17.77680910278808,0.8882267141185096,0.48352487838491803,0.4047018357335916,19.8275,23.00711848092038,16.647881519079622,32.072812819774335,0.8416290371056,0.2797,68.11137928287215,33.33333333333337,63.985,46.852689641436086,HOLD 🟡
2026-01-09 10:00:00,NSENG:WEMABANK,22.75,22.75,22.5,22.5,5464099.0,84.21052631578945,19.875915842954484,17.823806027138446,0.9402355443426735,0.5748670115764691,0.3653685327662044,20.0125,23.366190033694995,16.658809966305004,33.51595286640845,0.8708601532949882,0.2797,79.61653455114596,31.578947368421098,63.985,52.078951486099314,HOLD 🟡
2026-01-12 10:00:00,NSENG:WEMABANK,22.5,22.6,22.5,22.6,13615343.0,84.07079646017696,19.982742672642544,17.871330345276373,0.978245476349155,0.6555427045310064,0.32270277181814866,20.21,23.68874750600359,16.73125249399641,34.42600203863028,0.8435144395900193,0.2797,80.2688346156176,31.85840707964607,63.985,52.48893943170262,HOLD 🟡
2026-01-13 10:00:00,NSENG:WEMABANK,23.4,23.4,22.3,22.95,6370096.0,84.07079646017696,20.099105705087936,17.921864371691534,1.0247974689314496,0.7293936574110951,0.29540381152035455,20.43,24.0214225300671,16.8385774699329,35.15832139076945,0.8508359123582317,0.2797,80.2688346156176,31.85840707964607,63.985,52.48893943170262,HOLD 🟡
2026-01-14 10:00:00,NSENG:WEMABANK,23.2,23.2,22.95,23.0,14878107.0,84.21052631578945,20.212866265672723,17.97239308441102,1.053579828146276,0.7942308915581313,0.25934893658814473,20.634999999999998,24.32540006389264,16.944599936107355,35.76835535636194,0.8204259645369443,0.2797,82.46054994025371,31.578947368421098,63.985,53.50095918065318,HOLD 🟡
2026-01-15 10:00:00,NSENG:WEMABANK,23.0,23.0,22.9,22.9,12257293.0,82.75862068965512,20.318244059175754,18.021423998993995,1.056146293877024,0.8466139720219099,0.20953232185511417,20.86,24.525285226210034,17.194714773789965,35.14175672301088,0.7782866644882359,0.2797,83.13730143232546,34.482758620689765,63.985,54.71047830236965,HOLD 🟡
2026-01-16 10:00:00,NSENG:WEMABANK,22.9,22.95,22.85,22.95,13756014.0,83.62068965517238,20.421450174502194,18.070464556217935,1.0501098064139143,0.8873131389003108,0.16279666751360344,21.087500000000002,24.673859391389882,17.50114060861012,34.01407840085245,0.759664439162383,0.2797,78.71741328346005,32.75862068965523,63.985,51.98329284862659,HOLD 🟡
2026-01-19 10:00:00,NSENG:WEMABANK,22.95,23.0,22.85,23.0,7224350.0,83.62068965517238,20.52256977550211,18.119514660136165,1.0374019053369565,0.91733089218764,0.12007101314931656,21.3075,24.78967642166201,17.825323578337994,32.684983425197764,0.7430232985140061,0.2797,76.07176410515298,32.75862068965523,63.985,50.66046825947306,HOLD 🟡
2026-01-20 10:00:00,NSENG:WEMABANK,23.0,23.0,22.8,22.85,8066660.0,76.84210526315788,20.61384154901183,18.166584166005457,1.0036575166830808,0.9345962170867281,0.06906129959635265,21.5125,24.840036626394948,18.18496337360505,30.935843127437057,0.7009744970784964,0.2797,77.24951030409389,46.31578947368425,63.985,55.316491994152216,HOLD 🟡
2026-01-21 10:00:00,NSENG:WEMABANK,22.85,22.9,22.8,22.8,6356018.0,75.53191489361701,20.69957325297215,18.212687806144707,0.9617933088581587,0.9400356354410143,0.021757673417144408,21.697499999999998,24.868001371608013,18.526998628391983,29.22457768506063,0.6738683997857469,0.2797,76.78503863716463,48.93617021276597,63.985,55.870370382412105,HOLD 🟡
2026-01-22 10:00:00,NSENG:WEMABANK,22.85,22.85,22.6,22.8,12275003.0,73.25581395348834,20.781942929326185,18.258332703596004,0.918033108324579,0.9356351300177274,-0.017602021693148395,21.8825,24.839432087218263,18.925567912781737,27.025541754536846,0.6551439081009026,0.2797,87.30316289116745,53.488372093023315,63.985,62.49509307349072,HOLD 🟡
2026-01-23 10:00:00,NSENG:WEMABANK,22.75,22.8,22.3,22.7,4978108.0,46.80851063829783,20.857160853666336,18.30252839808759,0.8653089271848842,0.9215698894511588,-0.05626096226627464,22.0625,24.730413633889718,19.394586366110282,24.18505277180481,0.6194753817931032,0.2797,48.2923493637798,93.61702127659566,63.985,70.0282810648686,BUY 🟢
2026-01-26 10:00:00,NSENG:WEMABANK,22.5,22.65,22.5,22.6,6584904.0,44.89795918367347,20.925507486855892,18.345289309549404,0.8061625296858637,0.8984884174980998,-0.09232588781223616,22.240000000000002,24.506135128595062,19.973864871404942,20.378913026933994,0.5794303912986842,0.2797,44.3463412803851,89.79591836734694,63.985,66.90894615039663,BUY 🟢
2026-01-27 10:00:00,NSENG:WEMABANK,22.6,22.6,22.5,22.5,6019756.0,43.13725490196076,20.987252291292915,18.38662971442951,0.7426585142130051,0.8673224368410809,-0.1246639226280758,22.410000000000004,24.128199792316288,20.69180020768372,15.334223938565671,0.5261902022111958,0.2797,61.61885364620163,86.27450980392152,63.985,74.48877976427727,BUY 🟢
2026-01-28 10:00:00,NSENG:WEMABANK,22.6,22.6,22.5,22.5,8078691.0,64.70588235294116,21.046575730850055,18.427558771997376,0.6844413110452301,0.8307462116819108,-0.14630490063668067,22.520000000000003,23.922028605459342,21.117971394540664,12.451408574239245,0.4928674779094644,0.2797,83.61386282608761,70.58823529411768,63.985,80.78040200127911,STRONG BUY 🟢
2026-01-29 10:00:00,NSENG:WEMABANK,22.5,22.7,22.45,22.65,8001804.0,55.55555555555549,21.109455113953974,18.469573112574516,0.6429954531668294,0.7931960599788945,-0.15020060681206515,22.6325,23.617265534477465,21.647734465522536,8.702224981574853,0.5088853637679775,0.2797,74.21385694321447,88.88888888888901,63.985,81.57059513827393,STRONG BUY 🟢
2026-01-30 10:00:00,NSENG:WEMABANK,22.8,23.75,22.8,23.4,13942139.0,69.99999999999993,21.199280403602838,18.51863208657875,0.6630251035109112,0.7671618686852979,-0.10413676517438675,22.7625,23.324334401524865,22.200665598475133,4.936491172102063,1.0673379898683406,0.2797,82.13496941955121,60.00000000000014,63.985,76.86448470977565,BUY 🟢
2026-02-02 10:00:00,NSENG:WEMABANK,24.0,24.0,23.5,23.95,7997716.0,72.72727272727269,21.307151760324295,18.57267554840384,0.7150366517461784,0.756736825297474,-0.04170017355129563,22.817500000000003,23.59092369405539,22.044076305944614,6.779215024041971,1.232134280798807,0.2797,86.12940277164329,54.54545454545462,63.985,62.22533774945802,HOLD 🟡
2026-02-03 10:00:00,NSENG:WEMABANK,23.95,24.95,23.95,24.95,11518841.0,80.95238095238092,21.45000855403707,18.63613151309634,0.8274099541898039,0.77087145107594,0.05653850311386388,22.9225,24.150881476835085,21.694118523164914,10.717692021682502,1.3252729458375732,0.2797,82.66946808498776,38.09523809523816,63.985,55.56030547106532,HOLD 🟡
2026-02-04 10:00:00,NSENG:WEMABANK,24.95,25.9,24.95,25.3,26662278.0,85.29411764705884,21.6009886107415,18.702438662219762,0.9339427700166958,0.8034857148640913,0.13045705515260453,23.045,24.668154822851893,21.42184517714811,14.086828577582045,1.1946349073583606,0.2797,74.4366818355351,29.41176470588232,63.985,48.83887032953224,HOLD 🟡
2026-02-05 10:00:00,NSENG:WEMABANK,25.9,25.9,25.0,25.0,5106381.0,78.08219178082192,21.734283175026146,18.765100964088223,0.9828338049805936,0.8393553328873917,0.14347847209320186,23.195,24.95983188404657,21.430168115953432,15.217347566687375,1.0113801536329143,0.2797,82.25766535731323,43.83561643835617,63.985,57.076517610163464,HOLD 🟡
2026-02-06 10:00:00,NSENG:WEMABANK,24.95,25.0,24.65,25.0,31372751.0,77.77777777777777,21.86235050149571,18.827139760465457,1.0099383616619306,0.8734719386422996,0.13646642301963108,23.32,25.22605682800355,21.41394317199645,16.34697108064794,0.9407003965772817,0.2797,82.25766535731323,44.44444444444446,63.985,57.25916601198995,HOLD 🟡
2026-02-09 10:00:00,NSENG:WEMABANK,24.95,25.0,24.95,24.95,15579426.0,79.99999999999994,21.9834347955547,18.88806374294839,1.015676252376231,0.9019128013890859,0.11376345098714513,23.4375,25.443773056926048,21.431226943073952,17.12019675243561,0.8769427084659669,0.2797,72.08918805813815,40.000000000000114,63.985,50.841594029069114,HOLD 🟡
2026-02-10 10:00:00,NSENG:WEMABANK,25.2,26.0,25.2,26.0,10087223.0,85.55555555555551,22.14094715651334,18.958829277844426,1.0923577764130634,0.9400017963938815,0.15235598001918194,23.59,25.883377192563067,21.296622807436933,19.443638766961147,1.0254259979158935,0.2797,81.33190401285827,28.88888888888897,63.985,52.129618673095834,HOLD 🟡
2026-02-11 10:00:00,NSENG:WEMABANK,26.0,26.4,25.55,26.0,14895293.0,85.55555555555551,22.29228256214027,19.02889067806488,1.139987371867413,0.9799989114885879,0.15998846037882508,23.740000000000002,26.252830234909183,21.22716976509082,21.1695891736241,0.949692137694626,0.2797,78.41021048675736,28.88888888888897,63.985,50.66877191004538,HOLD 🟡
2026-02-12 10:00:00,NSENG:WEMABANK,26.0,26.0,25.0,25.9,9121783.0,85.55555555555551,22.433761677350454,19.097259925049308,1.156335489424329,1.0152662270757362,0.14106926234859274,23.89,26.545798026562785,21.234201973437216,22.23355401057166,0.8784173306660299,0.2797,77.11170420310081,28.88888888888897,63.985,50.0195187682171,HOLD 🟡
2026-02-13 10:00:00,NSENG:WEMABANK,25.9,26.0,25.9,26.0,7666140.0,87.7777777777777,22.573614160591614,19.16594390589459,1.1639434391976984,1.0450016695001287,0.11894176969756964,24.042499999999997,26.818577315774533,21.26642268422546,23.09308362919444,0.8525658289264637,0.2797,77.11170420310081,24.4444444444446,63.985,48.68618543488378,HOLD 🟡
2026-02-16 10:00:00,NSENG:WEMABANK,26.9,28.0,26.9,27.45,13167443.0,92.30769230769226,22.764844977823316,19.24837232474141,1.2723092865791408,1.0904631929159312,0.18184609366320958,24.264999999999997,27.38169528085186,21.148304719148133,25.68881335958677,1.0109578757294277,0.2797,72.70712243818018,15.384615384615472,63.985,43.765945834474735,SELL 🔴
2026-02-17 10:00:00,NSENG:WEMABANK,28.0,28.0,26.95,27.25,19209811.0,89.25619834710741,22.94073341006554,19.32799051056488,1.326757636674813,1.1377220816677076,0.18903555500710545,24.485,27.79624082323738,21.17375917676262,27.04709677955794,0.9175172008927874,0.2797,71.05122104157459,21.48760330578517,63.985,44.76889151252284,SELL 🔴
2026-02-18 10:00:00,NSENG:WEMABANK,27.25,27.25,26.1,27.0,6458655.0,85.36585365853657,23.09992033516101,19.404328913444832,1.334353835334671,1.1770484324011004,0.15730540293357054,24.695,28.088011393406976,21.301988606593024,27.4793390840816,0.8396687680564363,0.2797,72.3897263815973,29.26829268292687,63.985,47.7723509956767,HOLD 🟡
2026-02-19 10:00:00,NSENG:WEMABANK,27.0,27.0,26.75,26.9,12656441.0,81.81818181818177,23.24894306711548,19.478912705350854,1.317121753540146,1.2050630966289095,0.11205865691123651,24.9,28.30634083654835,21.493659163451646,27.360167361834158,0.7935701528368784,0.2797,72.3897263815973,36.36363636363646,63.985,49.90095409988959,HOLD 🟡
2026-02-20 10:00:00,NSENG:WEMABANK,26.95,27.0,26.8,26.8,13456578.0,78.21782178217822,23.388200201738403,19.551759345098606,1.2806336922647752,1.2201772157560826,0.06045647650869257,25.105,28.446745525604072,21.76325447439593,26.62215116991891,0.7536099752379564,0.2797,80.04532343163781,43.56435643564356,63.985,55.88896864651197,HOLD 🟡
2026-02-23 10:00:00,NSENG:WEMABANK,25.0,27.0,25.0,26.7,14389139.0,71.08433734939756,23.518074703631015,19.622886117784194,1.22947485574117,1.2220367437531001,0.007438111988069984,25.31,28.504501855573615,22.115498144426383,25.243001624445803,0.7175613073404221,0.2797,75.50358897056911,57.831325301204885,63.985,57.89819207564602,HOLD 🟡
2026-02-24 10:00:00,NSENG:WEMABANK,25.8,27.0,25.8,26.85,19259577.0,69.62025316455694,23.648738440743525,19.694797698701766,1.187347848712804,1.215098964745041,-0.02775111603223701,25.527499999999996,28.501151839600258,22.553848160399735,23.2976346261895,0.7223696773085891,0.2797,74.63431689462018,60.759493670886116,63.985,73.34200654857592,BUY 🟢
2026-02-25 10:00:00,NSENG:WEMABANK,27.0,27.4,26.75,27.25,30798455.0,77.77777777777774,23.78996438424378,19.769973841003242,1.1727201611696358,1.20662320402996,-0.033903042860324195,25.764999999999997,28.466870696972382,23.063129303027612,20.973186081679685,0.7748095979692955,0.2797,84.61790327596714,44.444444444444514,63.985,58.43928497131692,HOLD 🟡
2026-02-26 10:00:00,NSENG:WEMABANK,27.45,27.5,26.0,26.95,14994334.0,72.41379310344824,23.913887349567556,19.84141688736142,1.1239637659586705,1.190091316415702,-0.06612755045703156,25.98,28.294803617906677,23.665196382093324,17.81988928334624,0.7095210134666174,0.2797,77.83795498044252,55.172413793103516,63.985,58.26770162815231,HOLD 🟡
2026-02-27 10:00:00,NSENG:WEMABANK,26.9,27.0,26.9,27.0,12770857.0,73.56321839080458,24.03491137507471,19.91264657007424,1.0769442111243386,1.1674618953574294,-0.09051768423309081,26.160000000000004,28.16987038073817,24.150129619261836,15.365981504114428,0.7089686996858694,0.2797,77.83795498044252,52.87356321839084,63.985,57.578046455738516,HOLD 🟡
2026-03-02 10:00:00,NSENG:WEMABANK,27.5,28.0,27.5,27.95,4811691.0,72.9411764705882,24.188444262326684,19.992620236043653,1.1036161358424614,1.1546927434544358,-0.05107660761197441,26.359999999999996,28.235492917664764,24.484507082335227,14.229840042980038,0.923888564180706,0.2797,81.26858963092532,54.11764705882359,63.985,59.666588933109736,HOLD 🟡
2026-03-03 10:00:00,NSENG:WEMABANK,27.95,28.0,27.55,27.9,9488142.0,72.09302325581392,24.33399546772564,20.07130063170491,1.1079475169083146,1.1453436981452116,-0.03739618123689703,26.5075,28.3800931921157,24.6349068078843,14.128780097072157,0.8718106008990447,0.2797,81.11556707405303,55.813953488372164,63.985,60.098969583538164,HOLD 🟡
2026-03-04 10:00:00,NSENG:WEMABANK,27.85,27.95,27.6,27.8,13375293.0,72.09302325581397,24.46991721408934,20.14820311298148,1.0907376585763373,1.1344224902314368,-0.04368483165509951,26.6325,28.49946347890877,24.76553652109123,14.020189459560829,0.8126734971490708,0.2797,81.95494325809669,55.81395348837205,63.985,60.518657675559965,HOLD 🟡
2026-03-05 10:00:00,NSENG:WEMABANK,27.1,27.1,27.05,27.05,4182020.0,60.606060606060616,24.571096931183874,20.216877708872214,1.004995032719929,1.1085369987291354,-0.10354196600920629,26.734999999999996,28.442907306741567,25.027092693258425,12.776564853125652,0.592218119436756,0.2797,60.19358898237165,78.78787878787877,63.985,71.53015812754946,BUY 🟢
2026-03-06 10:00:00,NSENG:WEMABANK,27.05,27.2,26.7,27.2,9050653.0,46.57534246575342,24.674191169176662,20.286361512764035,0.9383306388698109,1.0744957267572706,-0.13616508788745962,26.845,28.354234731141716,25.33576526885828,11.24406579356839,0.6176092733207403,0.2797,61.786282634847225,93.15068493150685,63.985,76.63534679687567,BUY 🟢
2026-03-09 10:00:00,NSENG:WEMABANK,27.0,27.0,26.3,26.95,10876544.0,45.94594594594594,24.76343857430699,20.352666373333548,0.8554644540713454,1.0306894722200857,-0.17522501814874025,26.945,28.16237422348274,25.72762577651726,9.035993494026643,0.5020536002420417,0.2797,58.578574557466624,91.89189189189187,63.985,74.65385484630087,BUY 🟢
2026-03-10 10:00:00,NSENG:WEMABANK,26.8,26.95,25.35,25.55,9525030.0,35.05154639175257,24.7942841204126,20.404381135787943,0.6691110106643237,0.9583737799089334,-0.2892627692446097,26.922499999999996,28.226935752185266,25.618064247814726,9.690301808415047,-0.026089536299775395,0.2797,75.22737455933719,70.10309278350513,63.985,76.44161511472014,BUY 🟢
2026-03-11 10:00:00,NSENG:WEMABANK,26.4,26.5,25.5,25.6,106363094.0,36.45833333333335,24.825880821572888,20.456078835929357,0.5194710078734772,0.8705932255018421,-0.35112221762836493,26.902499999999996,28.276880243102966,25.528119756897027,10.217490888229491,0.026150056894258287,0.2797,78.32172164913665,72.9166666666667,63.985,78.83286082456833,BUY 🟢
